Country or Area,Year,Value,Value Footnotes,Footnote,,,,,Year,
Ecuador,2023,72.6943,96,Information refers to the last 12 months,,,,,2023,11
Azerbaijan,2023,88,,#N/A,,,,,2022,184
Bangladesh,2023,44.5027,,#N/A,,,,,2021,186
Bosnia and Herzegovina,2023,83.3772,,#N/A,,,,,2020,186
Denmark,2023,98.7756,,#N/A,,,,,2019,185
Germany,2023,92.4764,,#N/A,,,,,2018,174
Kuwait,2023,99.7473,,#N/A,,,,,2017,205
Latvia,2023,92.1879,,#N/A,,,,,2016,206
Luxembourg,2023,99.3479,,#N/A,,,,,2015,203
Sweden,2023,95.7033,,#N/A,,,,,2014,204
Türkiye,2023,85.9607,,#N/A,,,,,2013,203
Greece,2022,83.1707,120,A’ quarter of 2022,,,,,2012,209
Maldives,2022,83.9119,167,Converted to individuals by assuming the household response is representative of all individuals in the household,,,,,2011,214
Bahrain,2022,100,20,Estimated based on 2022 residential survey,,,,,2010,209
"China, Hong Kong Special Administrative Region",2022,95.6136,60,In last twelve months,,,,,2009,214
Belarus,2022,89.5073,29,In the last 12 months,,,,,2008,214
Japan,2022,84.9234,29,In the last 12 months,,,,,2007,217
Algeria,2022,71.2432,4,ITU estimate,,,,,2006,212
Andorra,2022,94.4855,4,ITU estimate,,,,,2005,212
Angola,2022,39.2935,4,ITU estimate,,,,,2004,210
Antigua and Barbuda,2022,91.4123,4,ITU estimate,,,,,2003,208
Australia,2022,94.8762,4,ITU estimate,,,,,2002,214
Azerbaijan,2022,88.1822,4,ITU estimate,,,,,2001,212
Bahamas,2022,94.4117,4,ITU estimate,,,,,2000,210
Bangladesh,2022,41.6152,4,ITU estimate,,,,,1999,207
Barbados,2022,76.2053,4,ITU estimate,,,,,1998,195
Belize,2022,70.354,4,ITU estimate,,,,,1997,188
Benin,2022,33.7602,4,ITU estimate,,,,,1996,177
Bhutan,2022,86.8403,4,ITU estimate,,,,,1995,141
Bolivia (Plurinational State of),2022,73.2831,4,ITU estimate,,,,,1994,92
Botswana,2022,77.3272,4,ITU estimate,,,,,1993,66
Burkina Faso,2022,19.9237,4,ITU estimate,,,,,1992,50
Burundi,2022,11.275,4,ITU estimate,,,,,1991,39
Cabo Verde,2022,72.1021,4,ITU estimate,,,,,1990,226
Cambodia,2022,56.7328,4,ITU estimate,,,,,,
Cameroon,2022,43.8629,4,ITU estimate,,,,,,
Chad,2022,12.1839,4,ITU estimate,,,,,,
Chile,2022,90.6769,4,ITU estimate,,,,,,
"China, Macao Special Administrative Region",2022,89.7864,4,ITU estimate,,,,,,
Congo (Republic of the),2022,36.2469,4,ITU estimate,,,,,,
Cuba,2022,73.2178,4,ITU estimate,,,,,,
Democratic Republic of the Congo,2022,27.24,4,ITU estimate,,,,,,
Djibouti,2022,65.0322,4,ITU estimate,,,,,,
Dominica,2022,83.3767,4,ITU estimate,,,,,,
Dominican Republic,2022,89.0297,4,ITU estimate,,,,,,
El Salvador,2022,62.8885,4,ITU estimate,,,,,,
Equatorial Guinea,2022,66.8193,4,ITU estimate,,,,,,
Eritrea,2022,26.5942,4,ITU estimate,,,,,,
Eswatini,2022,58.2502,4,ITU estimate,,,,,,
Ethiopia,2022,19.3781,4,ITU estimate,,,,,,
Fiji,2022,85.2199,4,ITU estimate,,,,,,
Gabon,2022,73.6951,4,ITU estimate,,,,,,
Gambia,2022,54.1899,4,ITU estimate,,,,,,
Ghana,2022,69.8405,4,ITU estimate,,,,,,
Grenada,2022,79.8955,4,ITU estimate,,,,,,
Guatemala,2022,54.4043,4,ITU estimate,,,,,,
Guinea,2022,33.923,4,ITU estimate,,,,,,
Guinea-Bissau,2022,31.567,4,ITU estimate,,,,,,
Guyana,2022,85.3163,4,ITU estimate,,,,,,
Honduras,2022,59.7135,4,ITU estimate,,,,,,
Iceland,2022,99.8565,4,ITU estimate,,,,,,
India,2022,48.0752,4,ITU estimate,,,,,,
Iran (Islamic Republic of),2022,81.717,4,ITU estimate,,,,,,
Ireland,2022,95.5905,4,ITU estimate,,,,,,
Jamaica,2022,85.1185,4,ITU estimate,,,,,,
Kenya,2022,40.8137,4,ITU estimate,,,,,,
Kiribati,2022,54.4214,4,ITU estimate,,,,,,
Kuwait,2022,99.8436,4,ITU estimate,,,,,,
Kyrgyzstan,2022,79.7703,4,ITU estimate,,,,,,
Lao People's Democratic Republic,2022,66.1548,4,ITU estimate,,,,,,
Lebanon,2022,90.0522,4,ITU estimate,,,,,,
Lesotho,2022,47.0368,4,ITU estimate,,,,,,
Liberia,2022,30.1275,4,ITU estimate,,,,,,
Libya,2022,88.4281,4,ITU estimate,,,,,,
Liechtenstein,2022,96.8046,4,ITU estimate,,,,,,
Madagascar,2022,20.5777,4,ITU estimate,,,,,,
Malawi,2022,27.6609,4,ITU estimate,,,,,,
Mali,2022,33.0528,4,ITU estimate,,,,,,
Marshall Islands,2022,73.2238,4,ITU estimate,,,,,,
Mauritania,2022,44.3616,4,ITU estimate,,,,,,
Micronesia,2022,40.5434,4,ITU estimate,,,,,,
Moldova,2022,63.5349,4,ITU estimate,,,,,,
Monaco,2022,98.3776,4,ITU estimate,,,,,,
Mongolia,2022,83.9145,4,ITU estimate,,,,,,
Mozambique,2022,21.207,4,ITU estimate,,,,,,
Namibia,2022,62.215,4,ITU estimate,,,,,,
Nauru,2022,82.6668,4,ITU estimate,,,,,,
Nepal (Republic of),2022,49.5609,4,ITU estimate,,,,,,
New Zealand,2022,95.7299,4,ITU estimate,,,,,,
Nicaragua,2022,61.0524,4,ITU estimate,,,,,,
Niger,2022,16.937,4,ITU estimate,,,,,,
Nigeria,2022,35.4563,4,ITU estimate,,,,,,
North Macedonia,2022,84.2304,4,ITU estimate,,,,,,
Oman,2022,97.849,4,ITU estimate,,,,,,
Pakistan,2022,32.9486,4,ITU estimate,,,,,,
Panama,2022,73.6085,4,ITU estimate,,,,,,
Papua New Guinea,2022,26.991,4,ITU estimate,,,,,,
Qatar,2022,100,4,ITU estimate,,,,,,
Rwanda,2022,34.4405,4,ITU estimate,,,,,,
Saint Kitts and Nevis,2022,76.4575,4,ITU estimate,,,,,,
Saint Lucia,2022,74.1859,4,ITU estimate,,,,,,
Saint Vincent and the Grenadines,2022,77.7418,4,ITU estimate,,,,,,
Samoa,2022,75.2869,4,ITU estimate,,,,,,
San Marino,2022,85.0607,4,ITU estimate,,,,,,
Sao Tome and Principe,2022,56.9899,4,ITU estimate,,,,,,
Senegal,2022,59.9832,4,ITU estimate,,,,,,
Seychelles,2022,86.6654,4,ITU estimate,,,,,,
Sierra Leone,2022,30.3518,4,ITU estimate,,,,,,
Solomon Islands,2022,44.9575,4,ITU estimate,,,,,,
South Africa,2022,74.703,4,ITU estimate,,,,,,
South Sudan,2022,12.1407,4,ITU estimate,,,,,,
Sri Lanka,2022,50.1067,4,ITU estimate,,,,,,
Sudan,2022,28.7045,4,ITU estimate,,,,,,
Suriname,2022,75.7614,4,ITU estimate,,,,,,
Switzerland,2022,96.8046,4,ITU estimate,,,,,,
Tajikistan,2022,36.0872,4,ITU estimate,,,,,,
Tanzania,2022,31.8913,4,ITU estimate,,,,,,
Timor-Leste,2022,40.7521,4,ITU estimate,,,,,,
Togo,2022,37.6212,4,ITU estimate,,,,,,
Trinidad and Tobago,2022,79.9843,4,ITU estimate,,,,,,
Tunisia,2022,73.8379,4,ITU estimate,,,,,,
Tuvalu,2022,81.1913,4,ITU estimate,,,,,,
United Kingdom,2022,95.3412,4,ITU estimate,,,,,,
United States,2022,97.1299,4,ITU estimate,,,,,,
Vanuatu,2022,69.8888,4,ITU estimate,,,,,,
Vatican,2022,85.0607,4,ITU estimate,,,,,,
Yemen,2022,17.6948,4,ITU estimate,,,,,,
Zambia,2022,31.2342,4,ITU estimate,,,,,,
Zimbabwe,2022,32.5615,4,ITU estimate,,,,,,
Ecuador,2022,69.7181,97,"La información corresponde si ha usado el Internet, desde cualquier lugar en los últimos 12 meses",,,,,,
Netherlands (Kingdom of the),2022,92.5197,70,Last 3 months.,,,,,,
Jordan,2022,90.5,154,Not published yet,,,,,,
Mauritius,2022,75.5,177,NSO estimate,,,,,,
Peru,2022,74.675,218,Reference period is the previous month,,,,,,
Singapore,2022,95.9548,253,Singapore residents,,,,,,
Albania,2022,82.6137,,#N/A,,,,,,
Argentina,2022,88.3754,,#N/A,,,,,,
Armenia,2022,77.0277,,#N/A,,,,,,
Austria,2022,93.6141,,#N/A,,,,,,
Belgium,2022,94.0078,,#N/A,,,,,,
Bosnia and Herzegovina,2022,78.8455,,#N/A,,,,,,
Brazil,2022,80.5278,,#N/A,,,,,,
Brunei Darussalam,2022,99,,#N/A,,,,,,
Bulgaria,2022,79.1269,,#N/A,,,,,,
Canada,2022,94,,#N/A,,,,,,
China,2022,75.6113,,#N/A,,,,,,
Colombia,2022,72.7964,,#N/A,,,,,,
Costa Rica,2022,82.598,,#N/A,,,,,,
Côte d'Ivoire,2022,38.4133,,#N/A,,,,,,
Croatia,2022,82.0716,,#N/A,,,,,,
Cyprus,2022,89.601,,#N/A,,,,,,
Czech Republic,2022,84.5401,,#N/A,,,,,,
Denmark,2022,97.8601,,#N/A,,,,,,
Egypt,2022,72.1981,,#N/A,,,,,,
Estonia,2022,91.0213,,#N/A,,,,,,
Finland,2022,92.9888,,#N/A,,,,,,
France,2022,85.3333,,#N/A,,,,,,
Georgia,2022,78.7113,,#N/A,,,,,,
Germany,2022,91.6298,,#N/A,,,,,,
Hungary,2022,89.1428,,#N/A,,,,,,
Indonesia,2022,66.4846,,#N/A,,,,,,
Iraq,2022,78.7156,,#N/A,,,,,,
Israel,2022,92.089,,#N/A,,,,,,
Italy,2022,85.0607,,#N/A,,,,,,
Kazakhstan,2022,92.2969,,#N/A,,,,,,
Korea (Republic  of),2022,97.1686,,#N/A,,,,,,
Latvia,2022,91.0301,,#N/A,,,,,,
Lithuania,2022,87.7242,,#N/A,,,,,,
Luxembourg,2022,98.242,,#N/A,,,,,,
Malaysia,2022,97.3986,,#N/A,,,,,,
Malta,2022,91.5406,,#N/A,,,,,,
Mexico,2022,78.6322,,#N/A,,,,,,
Montenegro,2022,88.2219,,#N/A,,,,,,
Morocco,2022,90.651,,#N/A,,,,,,
Norway,2022,99,,#N/A,,,,,,
Paraguay,2022,76.2592,,#N/A,,,,,,
Philippines,2022,72.2572,,#N/A,,,,,,
Poland,2022,86.9411,,#N/A,,,,,,
Portugal,2022,84.4969,,#N/A,,,,,,
Romania,2022,85.5031,,#N/A,,,,,,
Russian Federation,2022,90.418,,#N/A,,,,,,
Saudi Arabia,2022,100,,#N/A,,,,,,
Serbia,2022,83.5383,,#N/A,,,,,,
Slovakia,2022,87.21,,#N/A,,,,,,
Slovenia,2022,88.9125,,#N/A,,,,,,
Somalia,2022,27.6,,#N/A,,,,,,
Spain,2022,94.4855,,#N/A,,,,,,
State of Palestine,2022,88.6469,,#N/A,,,,,,
Sweden,2022,95.0097,,#N/A,,,,,,
Thailand,2022,87.9772,,#N/A,,,,,,
Türkiye,2022,83.4372,,#N/A,,,,,,
United Arab Emirates,2022,100,,#N/A,,,,,,
Uruguay,2022,89.873,,#N/A,,,,,,
Uzbekistan,2022,83.9,,#N/A,,,,,,
Viet Nam,2022,78.59,,#N/A,,,,,,
Greece,2021,78.4943,121,A’ quarter of 2021,,,,,,
Ethiopia,2021,16.6981,108,Ability to use the internet,,,,,,
Israel,2021,90.2969,145,as of 2014 the social survey asks about using the internet via computer or mobile cellular phone,,,,,,
Brazil,2021,80.6899,40,Brazilian NSO reviewed the weighting methodology changing population totals   - Cetic.br surveys yet to be adjusted,,,,,,
Japan,2021,82.9141,147,Estimated population of more than 6 years old*Survey result(%) in the last 12 months,,,,,,
Bahrain,2021,100,21,estimayed based on 2021 residential survey,,,,,,
Puerto Rico,2021,84.7867,224,"https://data.census.gov/mdat/#/search?ds=ACSPUMS1YPR2021&cv=ACCESSINET&rv=SEX&nv=DIALUP,BROADBND,SATELLITE,HISPEED&wt=PWGTP",,,,,,
Belarus,2021,86.8884,29,In the last 12 months,,,,,,
"China, Hong Kong Special Administrative Region",2021,93.0872,38,In the last 12 months.,,,,,,
Algeria,2021,66.2356,4,ITU estimate,,,,,,
Andorra,2021,93.8975,4,ITU estimate,,,,,,
Angola,2021,37.8067,4,ITU estimate,,,,,,
Antigua and Barbuda,2021,87.074,4,ITU estimate,,,,,,
Australia,2021,94.9886,4,ITU estimate,,,,,,
Bahamas,2021,93.7667,4,ITU estimate,,,,,,
Barbados,2021,74.8596,4,ITU estimate,,,,,,
Belize,2021,65.0198,4,ITU estimate,,,,,,
Benin,2021,30.7419,4,ITU estimate,,,,,,
Botswana,2021,75.2388,4,ITU estimate,,,,,,
Brunei Darussalam,2021,95.6225,4,ITU estimate,,,,,,
Burkina Faso,2021,18.114,4,ITU estimate,,,,,,
Burundi,2021,10.1846,4,ITU estimate,,,,,,
Cabo Verde,2021,71.3752,4,ITU estimate,,,,,,
Cambodia,2021,55.6004,4,ITU estimate,,,,,,
Cameroon,2021,42.5456,4,ITU estimate,,,,,,
Canada,2021,93.2917,4,ITU estimate,,,,,,
Chad,2021,11.0057,4,ITU estimate,,,,,,
Chile,2021,88.8045,4,ITU estimate,,,,,,
Congo (Republic of the),2021,32.7417,4,ITU estimate,,,,,,
Côte d'Ivoire,2021,38.7504,4,ITU estimate,,,,,,
Democratic Republic of the Congo,2021,26.17,4,ITU estimate,,,,,,
Djibouti,2021,64.0414,4,ITU estimate,,,,,,
Dominica,2021,82.3506,4,ITU estimate,,,,,,
Ecuador,2021,70.2073,4,ITU estimate,,,,,,
Egypt,2021,72.056,4,ITU estimate,,,,,,
El Salvador,2021,58.5986,4,ITU estimate,,,,,,
Equatorial Guinea,2021,60.5587,4,ITU estimate,,,,,,
Eritrea,2021,25.0991,4,ITU estimate,,,,,,
Eswatini,2021,56.1988,4,ITU estimate,,,,,,
Fiji,2021,81.9,4,ITU estimate,,,,,,
Gabon,2021,73.1414,4,ITU estimate,,,,,,
Gambia,2021,49.6646,4,ITU estimate,,,,,,
Grenada,2021,71.1154,4,ITU estimate,,,,,,
Guinea,2021,31.311,4,ITU estimate,,,,,,
Guinea-Bissau,2021,28.5397,4,ITU estimate,,,,,,
Guyana,2021,81.0716,4,ITU estimate,,,,,,
Honduras,2021,51.9801,4,ITU estimate,,,,,,
Iraq,2021,65.0022,4,ITU estimate,,,,,,
Ireland,2021,94.456,4,ITU estimate,,,,,,
Kenya,2021,38.2459,4,ITU estimate,,,,,,
Kiribati,2021,54.0494,4,ITU estimate,,,,,,
Kyrgyzstan,2021,74.6424,4,ITU estimate,,,,,,
Lebanon,2021,87.8626,4,ITU estimate,,,,,,
Lesotho,2021,43.6957,4,ITU estimate,,,,,,
Liberia,2021,27.8136,4,ITU estimate,,,,,,
Libya,2021,84.3378,4,ITU estimate,,,,,,
Liechtenstein,2021,95.5694,4,ITU estimate,,,,,,
Madagascar,2021,18.1313,4,ITU estimate,,,,,,
Malawi,2021,26.9325,4,ITU estimate,,,,,,
Maldives,2021,85.2343,4,ITU estimate,,,,,,
Mali,2021,30.4642,4,ITU estimate,,,,,,
Marshall Islands,2021,72.2377,4,ITU estimate,,,,,,
Mauritania,2021,43.7936,4,ITU estimate,,,,,,
Micronesia,2021,39.9648,4,ITU estimate,,,,,,
Moldova,2021,60.4747,4,ITU estimate,,,,,,
Monaco,2021,98.3776,4,ITU estimate,,,,,,
Mozambique,2021,19.9696,4,ITU estimate,,,,,,
Namibia,2021,61.1132,4,ITU estimate,,,,,,
Nauru,2021,83.3424,4,ITU estimate,,,,,,
Nepal (Republic of),2021,41.6083,4,ITU estimate,,,,,,
New Zealand,2021,95.7321,4,ITU estimate,,,,,,
Nicaragua,2021,54.7975,4,ITU estimate,,,,,,
Niger,2021,15.3108,4,ITU estimate,,,,,,
Nigeria,2021,32.3318,4,ITU estimate,,,,,,
North Macedonia,2021,83.0182,4,ITU estimate,,,,,,
Oman,2021,95.7747,4,ITU estimate,,,,,,
Pakistan,2021,24.9775,4,ITU estimate,,,,,,
Panama,2021,73.0556,4,ITU estimate,,,,,,
Papua New Guinea,2021,25.7426,4,ITU estimate,,,,,,
Philippines,2021,63.4019,4,ITU estimate,,,,,,
Qatar,2021,100,4,ITU estimate,,,,,,
Rwanda,2021,29.432,4,ITU estimate,,,,,,
Saint Kitts and Nevis,2021,69.1294,4,ITU estimate,,,,,,
Saint Lucia,2021,75.122,4,ITU estimate,,,,,,
Saint Vincent and the Grenadines,2021,78.7228,4,ITU estimate,,,,,,
Samoa,2021,76.2853,4,ITU estimate,,,,,,
San Marino,2021,81.67,4,ITU estimate,,,,,,
Sao Tome and Principe,2021,56.1138,4,ITU estimate,,,,,,
Senegal,2021,54.9741,4,ITU estimate,,,,,,
Seychelles,2021,80.7475,4,ITU estimate,,,,,,
Sierra Leone,2021,27.595,4,ITU estimate,,,,,,
Solomon Islands,2021,47.3313,4,ITU estimate,,,,,,
Somalia,2021,19.8606,4,ITU estimate,,,,,,
South Africa,2021,74.1534,4,ITU estimate,,,,,,
South Sudan,2021,9.64241,4,ITU estimate,,,,,,
Sudan,2021,27.6336,4,ITU estimate,,,,,,
Suriname,2021,71.992,4,ITU estimate,,,,,,
Tajikistan,2021,28.34,4,ITU estimate,,,,,,
Tanzania,2021,29.7016,4,ITU estimate,,,,,,
Timor-Leste,2021,35.5407,4,ITU estimate,,,,,,
Togo,2021,32.5051,4,ITU estimate,,,,,,
Tunisia,2021,71.8676,4,ITU estimate,,,,,,
Tuvalu,2021,82.2681,4,ITU estimate,,,,,,
United Kingdom,2021,95.2591,4,ITU estimate,,,,,,
United States,2021,96.7792,4,ITU estimate,,,,,,
Uruguay,2021,87.6444,4,ITU estimate,,,,,,
Vanuatu,2021,68.612,4,ITU estimate,,,,,,
Vatican,2021,81.67,4,ITU estimate,,,,,,
Yemen,2021,14.8881,4,ITU estimate,,,,,,
Zambia,2021,26.9505,4,ITU estimate,,,,,,
Zimbabwe,2021,32.4616,4,ITU estimate,,,,,,
Guatemala,2021,50.8416,125,"La población objeto de la encuesta está comprendida de 7 años a más edad, las preguntas referidas a internet y celular fueron dirigidas a población de 12 años y más edad",,,,,,
Netherlands (Kingdom of the),2021,92.053,70,Last 3 months.,,,,,,
Spain,2021,93.8975,258,Last 3 monthsIndividuals between 16 and 74 years old,,,,,,
Mauritius,2021,71.6,178,NSO estimates,,,,,,
Tonga,2021,57.5486,272,"Private household residence only, not including visitors. Have mobile phone and use for internet last three weeks",,,,,,
Peru,2021,71.1078,219,Reference period is the previous month.,,,,,,
Singapore,2021,96.9247,253,Singapore residents,,,,,,
Türkiye,2021,81.4084,273,The total number of Internet users who used the Internet in the last three months.,,,,,,
Albania,2021,79.3237,,#N/A,,,,,,
Argentina,2021,87.1507,,#N/A,,,,,,
Armenia,2021,78.6123,,#N/A,,,,,,
Austria,2021,92.5292,,#N/A,,,,,,
Azerbaijan,2021,86,,#N/A,,,,,,
Bangladesh,2021,38.9174,,#N/A,,,,,,
Belgium,2021,92.7887,,#N/A,,,,,,
Bhutan,2021,85.6369,,#N/A,,,,,,
Bolivia (Plurinational State of),2021,65.9774,,#N/A,,,,,,
Bosnia and Herzegovina,2021,75.6762,,#N/A,,,,,,
Bulgaria,2021,75.2714,,#N/A,,,,,,
China,2021,73.0532,,#N/A,,,,,,
"China, Macao Special Administrative Region",2021,88.4681,,#N/A,,,,,,
Colombia,2021,73.0284,,#N/A,,,,,,
Costa Rica,2021,82.749,,#N/A,,,,,,
Croatia,2021,81.254,,#N/A,,,,,,
Cyprus,2021,90.7595,,#N/A,,,,,,
Czech Republic,2021,82.6706,,#N/A,,,,,,
Denmark,2021,98.8659,,#N/A,,,,,,
Dominican Republic,2021,85.243,,#N/A,,,,,,
Estonia,2021,90.9797,,#N/A,,,,,,
Finland,2021,92.8081,,#N/A,,,,,,
France,2021,86.0955,,#N/A,,,,,,
Georgia,2021,76.4427,,#N/A,,,,,,
Germany,2021,91.4306,,#N/A,,,,,,
Ghana,2021,68.6,,#N/A,,,,,,
Hungary,2021,88.6408,,#N/A,,,,,,
Iceland,2021,99.687,,#N/A,,,,,,
Indonesia,2021,62.1045,,#N/A,,,,,,
Iran (Islamic Republic of),2021,78.5957,,#N/A,,,,,,
Italy,2021,74.8623,,#N/A,,,,,,
Jamaica,2021,82.3607,,#N/A,,,,,,
Jordan,2021,86,,#N/A,,,,,,
Kazakhstan,2021,90.924,,#N/A,,,,,,
Korea (Republic  of),2021,97.5713,,#N/A,,,,,,
Kuwait,2021,99.7,,#N/A,,,,,,
Lao People's Democratic Republic,2021,62,,#N/A,,,,,,
Latvia,2021,91.1796,,#N/A,,,,,,
Lithuania,2021,86.9305,,#N/A,,,,,,
Luxembourg,2021,98.6609,,#N/A,,,,,,
Malaysia,2021,96.7514,,#N/A,,,,,,
Malta,2021,87.4698,,#N/A,,,,,,
Mexico,2021,75.6265,,#N/A,,,,,,
Mongolia,2021,81.6068,,#N/A,,,,,,
Montenegro,2021,82.2197,,#N/A,,,,,,
Morocco,2021,88.1303,,#N/A,,,,,,
Norway,2021,99,,#N/A,,,,,,
Paraguay,2021,77.0184,,#N/A,,,,,,
Poland,2021,85.3749,,#N/A,,,,,,
Portugal,2021,82.309,,#N/A,,,,,,
Romania,2021,83.5904,,#N/A,,,,,,
Russian Federation,2021,88.2138,,#N/A,,,,,,
Saudi Arabia,2021,100,,#N/A,,,,,,
Serbia,2021,81.1659,,#N/A,,,,,,
Slovakia,2021,88.9256,,#N/A,,,,,,
Slovenia,2021,89.004,,#N/A,,,,,,
Sri Lanka,2021,44.4531,,#N/A,,,,,,
State of Palestine,2021,81.83,,#N/A,,,,,,
Sweden,2021,94.6703,,#N/A,,,,,,
Switzerland,2021,95.5694,,#N/A,,,,,,
Thailand,2021,85.2696,,#N/A,,,,,,
Trinidad and Tobago,2021,79,,#N/A,,,,,,
Uganda,2021,10,,#N/A,,,,,,
Ukraine,2021,79.2183,,#N/A,,,,,,
United Arab Emirates,2021,100,,#N/A,,,,,,
Uzbekistan,2021,76.5904,,#N/A,,,,,,
Viet Nam,2021,74.21,,#N/A,,,,,,
Greece,2020,78.1158,122,A’ quarter of 2020,,,,,,
Israel,2020,90.1273,145,as of 2014 the social survey asks about using the internet via computer or mobile cellular phone,,,,,,
Bahrain,2020,99.671,22,estimated based on 2020 residential survey,,,,,,
Japan,2020,90.2195,148,Estimated by the following method; (The estimation population of more than 6 years old in 2019)*(Survey result(%)) in the last 12 months. Includes all holders of mobile phones,,,,,,
Belarus,2020,85.0879,29,In the last 12 months,,,,,,
"China, Hong Kong Special Administrative Region",2020,92.4131,38,In the last 12 months.,,,,,,
Algeria,2020,60.6534,4,ITU estimate,,,,,,
Andorra,2020,93.2056,4,ITU estimate,,,,,,
Angola,2020,36.6347,4,ITU estimate,,,,,,
Antigua and Barbuda,2020,86.8837,4,ITU estimate,,,,,,
Australia,2020,94.6935,4,ITU estimate,,,,,,
Bahamas,2020,92.4437,4,ITU estimate,,,,,,
Bangladesh,2020,36.1091,4,ITU estimate,,,,,,
Barbados,2020,72.6766,4,ITU estimate,,,,,,
Belize,2020,57.0987,4,ITU estimate,,,,,,
Benin,2020,22.1206,4,ITU estimate,,,,,,
Bhutan,2020,76.8508,4,ITU estimate,,,,,,
Botswana,2020,67.4756,4,ITU estimate,,,,,,
Brunei Darussalam,2020,95.0503,4,ITU estimate,,,,,,
Burkina Faso,2020,15.5971,4,ITU estimate,,,,,,
Burundi,2020,9.17302,4,ITU estimate,,,,,,
Cabo Verde,2020,69.3734,4,ITU estimate,,,,,,
Cambodia,2020,53.6508,4,ITU estimate,,,,,,
Cameroon,2020,41.2264,4,ITU estimate,,,,,,
Chad,2020,8.34311,4,ITU estimate,,,,,,
Chile,2020,87.4593,4,ITU estimate,,,,,,
"China, Macao Special Administrative Region",2020,87.4623,4,ITU estimate,,,,,,
Congo (Republic of the),2020,24.8206,4,ITU estimate,,,,,,
Côte d'Ivoire,2020,36.0166,4,ITU estimate,,,,,,
Democratic Republic of the Congo,2020,19.8388,4,ITU estimate,,,,,,
Djibouti,2020,62.5104,4,ITU estimate,,,,,,
Dominica,2020,75.6567,4,ITU estimate,,,,,,
Dominican Republic,2020,81.6173,4,ITU estimate,,,,,,
Equatorial Guinea,2020,55.0013,4,ITU estimate,,,,,,
Eritrea,2020,23.8002,4,ITU estimate,,,,,,
Eswatini,2020,49.013,4,ITU estimate,,,,,,
Ethiopia,2020,16.0696,4,ITU estimate,,,,,,
Fiji,2020,83.0267,4,ITU estimate,,,,,,
France,2020,84.7064,4,ITU estimate,,,,,,
Gabon,2020,72.2754,4,ITU estimate,,,,,,
Gambia,2020,44.8133,4,ITU estimate,,,,,,
Ghana,2020,62.5176,4,ITU estimate,,,,,,
Grenada,2020,73.2676,4,ITU estimate,,,,,,
Guatemala,2020,47.5123,4,ITU estimate,,,,,,
Guinea,2020,29.3934,4,ITU estimate,,,,,,
Guinea-Bissau,2020,28.1686,4,ITU estimate,,,,,,
Guyana,2020,73.1413,4,ITU estimate,,,,,,
Honduras,2020,45.2483,4,ITU estimate,,,,,,
Iraq,2020,53.6778,4,ITU estimate,,,,,,
Jamaica,2020,76.384,4,ITU estimate,,,,,,
Jordan,2020,78.4178,4,ITU estimate,,,,,,
Kenya,2020,27.5774,4,ITU estimate,,,,,,
Kiribati,2020,52.0585,4,ITU estimate,,,,,,
Lebanon,2020,87.8607,4,ITU estimate,,,,,,
Lesotho,2020,40.4172,4,ITU estimate,,,,,,
Liberia,2020,27.4519,4,ITU estimate,,,,,,
Libya,2020,87.5754,4,ITU estimate,,,,,,
Liechtenstein,2020,94.3499,4,ITU estimate,,,,,,
Madagascar,2020,15.8196,4,ITU estimate,,,,,,
Malawi,2020,22.2466,4,ITU estimate,,,,,,
Maldives,2020,79.0978,4,ITU estimate,,,,,,
Mali,2020,28.3043,4,ITU estimate,,,,,,
Marshall Islands,2020,71.2288,4,ITU estimate,,,,,,
Mauritania,2020,41.0726,4,ITU estimate,,,,,,
Micronesia,2020,39.3833,4,ITU estimate,,,,,,
Moldova,2020,58.2153,4,ITU estimate,,,,,,
Monaco,2020,98.5709,4,ITU estimate,,,,,,
Mozambique,2020,17.8299,4,ITU estimate,,,,,,
Namibia,2020,57.8608,4,ITU estimate,,,,,,
Nauru,2020,81.6554,4,ITU estimate,,,,,,
Nepal (Republic of),2020,37.6984,4,ITU estimate,,,,,,
New Zealand,2020,95.2342,4,ITU estimate,,,,,,
Nicaragua,2020,54.8543,4,ITU estimate,,,,,,
Niger,2020,13.8406,4,ITU estimate,,,,,,
Nigeria,2020,31.8888,4,ITU estimate,,,,,,
Panama,2020,72.61,4,ITU estimate,,,,,,
Papua New Guinea,2020,24.3969,4,ITU estimate,,,,,,
Philippines,2020,53.7649,4,ITU estimate,,,,,,
Saint Kitts and Nevis,2020,70.2753,4,ITU estimate,,,,,,
Saint Lucia,2020,75.8162,4,ITU estimate,,,,,,
Saint Vincent and the Grenadines,2020,77.4269,4,ITU estimate,,,,,,
Samoa,2020,69.9561,4,ITU estimate,,,,,,
San Marino,2020,77.95,4,ITU estimate,,,,,,
Sao Tome and Principe,2020,51.5547,4,ITU estimate,,,,,,
Senegal,2020,53.3088,4,ITU estimate,,,,,,
Seychelles,2020,84.8223,4,ITU estimate,,,,,,
Sierra Leone,2020,27.4681,4,ITU estimate,,,,,,
Solomon Islands,2020,39.5527,4,ITU estimate,,,,,,
Somalia,2020,15.0237,4,ITU estimate,,,,,,
South Africa,2020,72.1128,4,ITU estimate,,,,,,
South Sudan,2020,9.27123,4,ITU estimate,,,,,,
Sudan,2020,26.4383,4,ITU estimate,,,,,,
Suriname,2020,69.8369,4,ITU estimate,,,,,,
Switzerland,2020,94.3499,4,ITU estimate,,,,,,
Tajikistan,2020,27.5441,4,ITU estimate,,,,,,
Tanzania,2020,25.6424,4,ITU estimate,,,,,,
Timor-Leste,2020,32.0127,4,ITU estimate,,,,,,
Togo,2020,29.0237,4,ITU estimate,,,,,,
Trinidad and Tobago,2020,77.2813,4,ITU estimate,,,,,,
Tunisia,2020,68.5564,4,ITU estimate,,,,,,
Tuvalu,2020,75.4424,4,ITU estimate,,,,,,
United States,2020,96.5768,4,ITU estimate,,,,,,
Uruguay,2020,85.471,4,ITU estimate,,,,,,
Vanuatu,2020,64.286,4,ITU estimate,,,,,,
Vatican,2020,77.95,4,ITU estimate,,,,,,
Yemen,2020,13.8152,4,ITU estimate,,,,,,
Zambia,2020,24.4992,4,ITU estimate,,,,,,
Netherlands (Kingdom of the),2020,91.3333,70,Last 3 months.,,,,,,
Spain,2020,93.2056,258,Last 3 monthsIndividuals between 16 and 74 years old,,,,,,
Peru,2020,65.2518,219,Reference period is the previous month.,,,,,,
Türkiye,2020,77.6696,273,The total number of Internet users who used the Internet in the last three months.,,,,,,
Cyprus,2020,90.8019,86,Use of the internet during the first quarter of the year,,,,,,
Pakistan,2020,18.9348,209,Used internet in Last three months,,,,,,
Albania,2020,72.2377,,#N/A,,,,,,
Argentina,2020,85.5144,,#N/A,,,,,,
Armenia,2020,76.5077,,#N/A,,,,,,
Austria,2020,87.5294,,#N/A,,,,,,
Azerbaijan,2020,84.6,,#N/A,,,,,,
Belgium,2020,91.5264,,#N/A,,,,,,
Bolivia (Plurinational State of),2020,59.9401,,#N/A,,,,,,
Bosnia and Herzegovina,2020,73.2118,,#N/A,,,,,,
Brazil,2020,81.3427,,#N/A,,,,,,
Bulgaria,2020,70.1625,,#N/A,,,,,,
Canada,2020,92.3,,#N/A,,,,,,
China,2020,70.0528,,#N/A,,,,,,
Colombia,2020,69.7953,,#N/A,,,,,,
Costa Rica,2020,80.5302,,#N/A,,,,,,
Croatia,2020,78.3209,,#N/A,,,,,,
Cuba,2020,71.1191,,#N/A,,,,,,
Czech Republic,2020,81.3389,,#N/A,,,,,,
Denmark,2020,96.5491,,#N/A,,,,,,
Ecuador,2020,70.7,,#N/A,,,,,,
Egypt,2020,71.9142,,#N/A,,,,,,
El Salvador,2020,54.6014,,#N/A,,,,,,
Estonia,2020,89.0583,,#N/A,,,,,,
Finland,2020,92.1703,,#N/A,,,,,,
Georgia,2020,72.5316,,#N/A,,,,,,
Germany,2020,89.8129,,#N/A,,,,,,
Hungary,2020,84.7712,,#N/A,,,,,,
Iceland,2020,99.5328,,#N/A,,,,,,
India,2020,43.4054,,#N/A,,,,,,
Indonesia,2020,53.7265,,#N/A,,,,,,
Iran (Islamic Republic of),2020,75.5699,,#N/A,,,,,,
Ireland,2020,91.9999,,#N/A,,,,,,
Italy,2020,70.4834,,#N/A,,,,,,
Kazakhstan,2020,85.9426,,#N/A,,,,,,
Korea (Republic  of),2020,96.5051,,#N/A,,,,,,
Kuwait,2020,99.1059,,#N/A,,,,,,
Kyrgyzstan,2020,72,,#N/A,,,,,,
Lao People's Democratic Republic,2020,54,,#N/A,,,,,,
Latvia,2020,88.898,,#N/A,,,,,,
Lithuania,2020,83.0555,,#N/A,,,,,,
Luxembourg,2020,98.4596,,#N/A,,,,,,
Malaysia,2020,89.555,,#N/A,,,,,,
Malta,2020,86.8588,,#N/A,,,,,,
Mauritius,2020,67.7329,,#N/A,,,,,,
Mexico,2020,71.4902,,#N/A,,,,,,
Mongolia,2020,62.5,,#N/A,,,,,,
Montenegro,2020,77.6088,,#N/A,,,,,,
Morocco,2020,84.1204,,#N/A,,,,,,
North Macedonia,2020,81.4055,,#N/A,,,,,,
Norway,2020,94.6076,,#N/A,,,,,,
Oman,2020,95.2323,,#N/A,,,,,,
Paraguay,2020,73.9575,,#N/A,,,,,,
Poland,2020,83.1849,,#N/A,,,,,,
Portugal,2020,78.2617,,#N/A,,,,,,
Qatar,2020,99.6528,,#N/A,,,,,,
Romania,2020,78.4553,,#N/A,,,,,,
Russian Federation,2020,84.9947,,#N/A,,,,,,
Rwanda,2020,23.8,,#N/A,,,,,,
Saudi Arabia,2020,97.8623,,#N/A,,,,,,
Serbia,2020,78.368,,#N/A,,,,,,
Singapore,2020,92.0043,,#N/A,,,,,,
Slovakia,2020,89.9209,,#N/A,,,,,,
Slovenia,2020,86.6013,,#N/A,,,,,,
Sri Lanka,2020,36.1847,,#N/A,,,,,,
State of Palestine,2020,76.01,,#N/A,,,,,,
Sweden,2020,94.5394,,#N/A,,,,,,
Thailand,2020,77.8437,,#N/A,,,,,,
Uganda,2020,7.4,,#N/A,,,,,,
Ukraine,2020,75.0379,,#N/A,,,,,,
United Arab Emirates,2020,100,,#N/A,,,,,,
United Kingdom,2020,94.8182,,#N/A,,,,,,
Uzbekistan,2020,71.1,,#N/A,,,,,,
Viet Nam,2020,70.3,,#N/A,,,,,,
Zimbabwe,2020,29.2986,,#N/A,,,,,,
Greece,2019,75.6712,123,A’ quarter of 2019,,,,,,
Afghanistan,2019,17.6,1,Asia Foundation.  ITU estimate.,,,,,,
Japan,2019,92.7304,149,estimated by the following method. (The estimation population of more than 6 years old)×(Survey result(%)). Used in the last 12 months. Includes all holders of mobile phones,,,,,,
"China, Hong Kong Special Administrative Region",2019,91.7434,61,In the last twelve months,,,,,,
"China, Macao Special Administrative Region",2019,86.4679,68,Individuals using computer/Internet/mobile in the last 3 months prior to the date of interview.,,,,,,
Colombia,2019,65.0069,72,"Información preliminar puesto que al momento del diligenciamiento de este cuestionario no ha sido publicados todavía por el DANE. Los datos son expandidos con proyecciones de población, elaboradas con base en los resultados del censo 2005. La población ob",,,,,,
Ukraine,2019,70.1248,278,Information about the number of the population who reported that they made use of the Internet services during the last 12 months is presented.,,,,,,
Algeria,2019,58.9776,4,ITU estimate,,,,,,
Andorra,2019,90.7187,4,ITU estimate,,,,,,
Angola,2019,32.1294,4,ITU estimate,,,,,,
Antigua and Barbuda,2019,83.2,4,ITU estimate,,,,,,
Australia,2019,93.6099,4,ITU estimate,,,,,,
Bahamas,2019,90.6933,4,ITU estimate,,,,,,
Bangladesh,2019,30.4,4,ITU estimate,,,,,,
Barbados,2019,72.6,4,ITU estimate,,,,,,
Belize,2019,53.3,4,ITU estimate,,,,,,
Benin,2019,20.5,4,ITU estimate,,,,,,
Bhutan,2019,74.1794,4,ITU estimate,,,,,,
Botswana,2019,64.8263,4,ITU estimate,,,,,,
Burundi,2019,6.1,4,ITU estimate,,,,,,
Cameroon,2019,36.5392,4,ITU estimate,,,,,,
Canada,2019,91.9129,4,ITU estimate,,,,,,
Central African Republic,2019,7.50916,4,ITU estimate,,,,,,
Chad,2019,7.6,4,ITU estimate,,,,,,
Chile,2019,85.0176,4,ITU estimate,,,,,,
Comoros,2019,16.3838,4,ITU estimate,,,,,,
Democratic Republic of the Congo,2019,16.4812,4,ITU estimate,,,,,,
Djibouti,2019,59.342,4,ITU estimate,,,,,,
Dominica,2019,73.3819,4,ITU estimate,,,,,,
Dominican Republic,2019,79.7155,4,ITU estimate,,,,,,
Equatorial Guinea,2019,49.1337,4,ITU estimate,,,,,,
Eritrea,2019,11.2,4,ITU estimate,,,,,,
Eswatini,2019,43.9,4,ITU estimate,,,,,,
Ethiopia,2019,16,4,ITU estimate,,,,,,
Fiji,2019,77.1867,4,ITU estimate,,,,,,
Gabon,2019,68.6855,4,ITU estimate,,,,,,
Gambia,2019,35.6,4,ITU estimate,,,,,,
Grenada,2019,69.6122,4,ITU estimate,,,,,,
Guinea,2019,23.3663,4,ITU estimate,,,,,,
Guinea-Bissau,2019,22.9201,4,ITU estimate,,,,,,
Guyana,2019,61.1,4,ITU estimate,,,,,,
Haiti,2019,39.262,4,ITU estimate,,,,,,
India,2019,29.5235,4,ITU estimate,,,,,,
Jordan,2019,70.0847,4,ITU estimate,,,,,,
Kiribati,2019,42.9917,4,ITU estimate,,,,,,
Lao People's Democratic Republic,2019,47.0323,4,ITU estimate,,,,,,
Lebanon,2019,84.3,4,ITU estimate,,,,,,
Liberia,2019,23.4826,4,ITU estimate,,,,,,
Liechtenstein,2019,93.1461,4,ITU estimate,,,,,,
Madagascar,2019,11.8314,4,ITU estimate,,,,,,
Malawi,2019,13.4392,4,ITU estimate,,,,,,
Maldives,2019,77.4697,4,ITU estimate,,,,,,
Mali,2019,22.3111,4,ITU estimate,,,,,,
Mauritania,2019,42.3207,4,ITU estimate,,,,,,
Micronesia,2019,38,4,ITU estimate,,,,,,
Moldova,2019,57.7605,4,ITU estimate,,,,,,
Monaco,2019,83.3397,4,ITU estimate,,,,,,
Mozambique,2019,14.6386,4,ITU estimate,,,,,,
Myanmar,2019,48.1377,4,ITU estimate,,,,,,
Namibia,2019,49.8,4,ITU estimate,,,,,,
Nauru,2019,74.7379,4,ITU estimate,,,,,,
Nepal (Republic of),2019,34.8055,4,ITU estimate,,,,,,
New Zealand,2019,89.8637,4,ITU estimate,,,,,,
Nicaragua,2019,44.9164,4,ITU estimate,,,,,,
Niger,2019,16.6119,4,ITU estimate,,,,,,
Nigeria,2019,29.7,4,ITU estimate,,,,,,
Oman,2019,90.2594,4,ITU estimate,,,,,,
Papua New Guinea,2019,19.9783,4,ITU estimate,,,,,,
Rwanda,2019,21.358,4,ITU estimate,,,,,,
Saint Kitts and Nevis,2019,69.4,4,ITU estimate,,,,,,
Saint Lucia,2019,72.5,4,ITU estimate,,,,,,
Saint Vincent and the Grenadines,2019,73.9683,4,ITU estimate,,,,,,
Samoa,2019,61.2106,4,ITU estimate,,,,,,
San Marino,2019,67.8507,4,ITU estimate,,,,,,
Sao Tome and Principe,2019,44.3,4,ITU estimate,,,,,,
Senegal,2019,43.4,4,ITU estimate,,,,,,
Seychelles,2019,76.6,4,ITU estimate,,,,,,
Sierra Leone,2019,20.8,4,ITU estimate,,,,,,
Solomon Islands,2019,28.7,4,ITU estimate,,,,,,
South Africa,2019,69.6969,4,ITU estimate,,,,,,
South Sudan,2019,6.7,4,ITU estimate,,,,,,
Sri Lanka,2019,32,4,ITU estimate,,,,,,
Sudan,2019,25.9,4,ITU estimate,,,,,,
Suriname,2019,62,4,ITU estimate,,,,,,
Syrian Arab Republic,2019,34.65,4,ITU estimate,,,,,,
Tanzania,2019,18.2773,4,ITU estimate,,,,,,
Timor-Leste,2019,28.0046,4,ITU estimate,,,,,,
Togo,2019,20.7273,4,ITU estimate,,,,,,
Trinidad and Tobago,2019,75,4,ITU estimate,,,,,,
Vanuatu,2019,50.7305,4,ITU estimate,,,,,,
Vatican,2019,67.8507,4,ITU estimate,,,,,,
Zambia,2019,18.7,4,ITU estimate,,,,,,
Zimbabwe,2019,26.5883,4,ITU estimate,,,,,,
United Kingdom,2019,92.5166,238,Last 3 months,,,,,,
Netherlands (Kingdom of the),2019,93.2886,70,Last 3 months.,,,,,,
Spain,2019,90.7187,258,Last 3 monthsIndividuals between 16 and 74 years old,,,,,,
Pakistan,2019,17.0709,210,Last three months,,,,,,
Belarus,2019,82.7892,30,Persons aged 6-72 years; in the last 12 months,,,,,,
Mauritius,2019,61.73,179,Revised Estimates,,,,,,
France,2019,83.3397,112,Scope : people who used the Internet in the last 3 months before the interview,,,,,,
Israel,2019,86.7879,146,"starting from 2014, the ISS asks about internet usage via a computer, or a mobile cellular phone",,,,,,
Türkiye,2019,73.9767,273,The total number of Internet users who used the Internet in the last three months.,,,,,,
Cyprus,2019,86.0636,86,Use of the internet during the first quarter of the year,,,,,,
Switzerland,2019,93.1461,266,utilisteurs-trices d'internet au cours des 3 derniers mois,,,,,,
Mongolia,2019,51.08,189,Weight adjusted in 2018,,,,,,
Albania,2019,68.5504,,#N/A,,,,,,
Argentina,2019,79.947,,#N/A,,,,,,
Armenia,2019,66.5439,,#N/A,,,,,,
Austria,2019,87.7522,,#N/A,,,,,,
Azerbaijan,2019,81.1,,#N/A,,,,,,
Bahrain,2019,99.7015,,#N/A,,,,,,
Belgium,2019,90.2754,,#N/A,,,,,,
Bolivia (Plurinational State of),2019,47.4748,,#N/A,,,,,,
Bosnia and Herzegovina,2019,69.9463,,#N/A,,,,,,
Brazil,2019,73.9124,,#N/A,,,,,,
Brunei Darussalam,2019,95,,#N/A,,,,,,
Bulgaria,2019,67.947,,#N/A,,,,,,
Burkina Faso,2019,9.27181,,#N/A,,,,,,
Cabo Verde,2019,61.9434,,#N/A,,,,,,
Cambodia,2019,52.3059,,#N/A,,,,,,
China,2019,64.0809,,#N/A,,,,,,
Costa Rica,2019,81.2026,,#N/A,,,,,,
Côte d'Ivoire,2019,36.289,,#N/A,,,,,,
Croatia,2019,79.0798,,#N/A,,,,,,
Cuba,2019,67.9708,,#N/A,,,,,,
Czech Republic,2019,80.8669,,#N/A,,,,,,
Denmark,2019,98.0464,,#N/A,,,,,,
Ecuador,2019,59.2,,#N/A,,,,,,
Egypt,2019,57.2829,,#N/A,,,,,,
El Salvador,2019,50.4912,,#N/A,,,,,,
Estonia,2019,90.2289,,#N/A,,,,,,
Finland,2019,89.6074,,#N/A,,,,,,
Georgia,2019,68.8467,,#N/A,,,,,,
Germany,2019,88.1345,,#N/A,,,,,,
Ghana,2019,22.0732,,#N/A,,,,,,
Guatemala,2019,44.401,,#N/A,,,,,,
Honduras,2019,39.3884,,#N/A,,,,,,
Hungary,2019,80.3717,,#N/A,,,,,,
Iceland,2019,99.5049,,#N/A,,,,,,
Indonesia,2019,47.6906,,#N/A,,,,,,
Iran (Islamic Republic of),2019,72.4509,,#N/A,,,,,,
Iraq,2019,44.3263,,#N/A,,,,,,
Ireland,2019,87.0001,,#N/A,,,,,,
Italy,2019,67.8507,,#N/A,,,,,,
Jamaica,2019,70.841,,#N/A,,,,,,
Kazakhstan,2019,81.8776,,#N/A,,,,,,
Kenya,2019,22.6688,,#N/A,,,,,,
Korea (Republic  of),2019,96.1576,,#N/A,,,,,,
Kuwait,2019,99.5427,,#N/A,,,,,,
Kyrgyzstan,2019,64.1,,#N/A,,,,,,
Latvia,2019,86.1355,,#N/A,,,,,,
Lesotho,2019,42.3017,,#N/A,,,,,,
Lithuania,2019,81.5819,,#N/A,,,,,,
Luxembourg,2019,97.1206,,#N/A,,,,,,
Malaysia,2019,84.1871,,#N/A,,,,,,
Malta,2019,85.7786,,#N/A,,,,,,
Mexico,2019,69.6321,,#N/A,,,,,,
Montenegro,2019,73.4767,,#N/A,,,,,,
Morocco,2019,84.1204,,#N/A,,,,,,
North Macedonia,2019,81.4129,,#N/A,,,,,,
Norway,2019,98,,#N/A,,,,,,
Panama,2019,63.6284,,#N/A,,,,,,
Paraguay,2019,68.5176,,#N/A,,,,,,
Peru,2019,59.9505,,#N/A,,,,,,
Philippines,2019,43.0266,,#N/A,,,,,,
Poland,2019,80.4359,,#N/A,,,,,,
Portugal,2019,75.3464,,#N/A,,,,,,
Puerto Rico,2019,77.7364,,#N/A,,,,,,
Qatar,2019,99.6528,,#N/A,,,,,,
Romania,2019,73.6575,,#N/A,,,,,,
Russian Federation,2019,82.6422,,#N/A,,,,,,
Saudi Arabia,2019,95.7247,,#N/A,,,,,,
Serbia,2019,77.4168,,#N/A,,,,,,
Singapore,2019,88.9493,,#N/A,,,,,,
Slovakia,2019,82.8537,,#N/A,,,,,,
Slovenia,2019,83.1084,,#N/A,,,,,,
State of Palestine,2019,70.6226,,#N/A,,,,,,
Sweden,2019,94.4934,,#N/A,,,,,,
Thailand,2019,66.6524,,#N/A,,,,,,
Tunisia,2019,66.7,,#N/A,,,,,,
United Arab Emirates,2019,99.15,,#N/A,,,,,,
United States,2019,89.4303,,#N/A,,,,,,
Uruguay,2019,83.3515,,#N/A,,,,,,
Uzbekistan,2019,70.4,,#N/A,,,,,,
Viet Nam,2019,68.6616,,#N/A,,,,,,
Afghanistan,2018,16.8,2,Asia Foundation. ITU estimate.,,,,,,
Puerto Rico,2018,70.8564,225,Data based on the ACS 2017 1 Year PUMS crosstabulation identifying the number of individuals living in a household with access to internet. Either by paying a cell phone company or Internet service provider or without paying a cell phone company or cell p,,,,,,
Guinea,2018,21.83,126,DHS,,,,,,
Mali,2018,21.4,172,Estimate based on DHS. ITU estimate.,,,,,,
Bahrain,2018,98.6447,23,estimated based on 2018 residential survey,,,,,,
Senegal,2018,35.3,247,Estimated based on DHS 2018.  ITU estimate.,,,,,,
Japan,2018,88.7464,150,estimated by the following method. (The estimation population of more than 6 years old)×(Survey result(%)). Used in the last 12 months - includes all holders of mobile phones,,,,,,
United Arab Emirates,2018,98.45,274,In the last 3 months,,,,,,
"China, Hong Kong Special Administrative Region",2018,90.5074,61,In the last twelve months,,,,,,
"China, Macao Special Administrative Region",2018,83.7941,69,Individuals using computer/Internet/mobile,,,,,,
Austria,2018,87.4791,13,Individuals using the Internet in the last 3 months,,,,,,
Ukraine,2018,62.5532,278,Information about the number of the population who reported that they made use of the Internet services during the last 12 months is presented.,,,,,,
Albania,2018,65.4,4,ITU estimate,,,,,,
Angola,2018,29,4,ITU estimate,,,,,,
Antigua and Barbuda,2018,79.6,4,ITU estimate,,,,,,
Australia,2018,90,4,ITU estimate,,,,,,
Bahamas,2018,83,4,ITU estimate,,,,,,
Bangladesh,2018,25.6,4,ITU estimate,,,,,,
Barbados,2018,72.4,4,ITU estimate,,,,,,
Belize,2018,49.8,4,ITU estimate,,,,,,
Benin,2018,19,4,ITU estimate,,,,,,
Bhutan,2018,63.5,4,ITU estimate,,,,,,
Botswana,2018,58,4,ITU estimate,,,,,,
Burkina Faso,2018,8.5,4,ITU estimate,,,,,,
Burundi,2018,4,4,ITU estimate,,,,,,
Cabo Verde,2018,59.5,4,ITU estimate,,,,,,
Cameroon,2018,29.7,4,ITU estimate,,,,,,
Central African Republic,2018,5.1,4,ITU estimate,,,,,,
Chad,2018,7,4,ITU estimate,,,,,,
Chile,2018,84.9,4,ITU estimate,,,,,,
China,2018,59.2,4,ITU estimate,,,,,,
Democratic Republic of the Congo,2018,11.7,4,ITU estimate,,,,,,
Djibouti,2018,58,4,ITU estimate,,,,,,
Ecuador,2018,57.5,4,ITU estimate,,,,,,
El Salvador,2018,43.8,4,ITU estimate,,,,,,
Eritrea,2018,5.3,4,ITU estimate,,,,,,
Eswatini,2018,39.4,4,ITU estimate,,,,,,
Ethiopia,2018,15.9,4,ITU estimate,,,,,,
Fiji,2018,68.9,4,ITU estimate,,,,,,
Gabon,2018,59.6,4,ITU estimate,,,,,,
Gambia,2018,28.3,4,ITU estimate,,,,,,
Ghana,2018,43,4,ITU estimate,,,,,,
Grenada,2018,61.4,4,ITU estimate,,,,,,
Guatemala,2018,41.5,4,ITU estimate,,,,,,
Guinea-Bissau,2018,15.7,4,ITU estimate,,,,,,
Guyana,2018,51.1,4,ITU estimate,,,,,,
Iraq,2018,33.9,4,ITU estimate,,,,,,
Kenya,2018,19.5,4,ITU estimate,,,,,,
Kiribati,2018,32.9864,4,ITU estimate,,,,,,
Lao People's Democratic Republic,2018,36.3,4,ITU estimate,,,,,,
Lebanon,2018,80.9,4,ITU estimate,,,,,,
Lesotho,2018,40.8,4,ITU estimate,,,,,,
Liberia,2018,18.9,4,ITU estimate,,,,,,
Madagascar,2018,8.7,4,ITU estimate,,,,,,
Malawi,2018,8,4,ITU estimate,,,,,,
Maldives,2018,70.9,4,ITU estimate,,,,,,
Mauritania,2018,35.1,4,ITU estimate,,,,,,
Micronesia,2018,36.6,4,ITU estimate,,,,,,
Moldova,2018,50.3,4,ITU estimate,,,,,,
Mozambique,2018,10.9,4,ITU estimate,,,,,,
Myanmar,2018,33.7204,4,ITU estimate,,,,,,
Namibia,2018,42.8,4,ITU estimate,,,,,,
Nepal (Republic of),2018,28.6,4,ITU estimate,,,,,,
New Zealand,2018,89,4,ITU estimate,,,,,,
Nicaragua,2018,37.6,4,ITU estimate,,,,,,
Nigeria,2018,27.7,4,ITU estimate,,,,,,
Oman,2018,85.5,4,ITU estimate,,,,,,
Pakistan,2018,15.34,4,ITU estimate,,,,,,
Philippines,2018,44.1,4,ITU estimate,,,,,,
Rwanda,2018,19.2,4,ITU estimate,,,,,,
Saint Kitts and Nevis,2018,68.6,4,ITU estimate,,,,,,
Saint Lucia,2018,69.4,4,ITU estimate,,,,,,
Saint Vincent and the Grenadines,2018,56,4,ITU estimate,,,,,,
Samoa,2018,49.1,4,ITU estimate,,,,,,
Sao Tome and Principe,2018,38,4,ITU estimate,,,,,,
Seychelles,2018,69.2,4,ITU estimate,,,,,,
Sierra Leone,2018,15.8,4,ITU estimate,,,,,,
Solomon Islands,2018,20.9,4,ITU estimate,,,,,,
South Africa,2018,62.4,4,ITU estimate,,,,,,
South Sudan,2018,4.8,4,ITU estimate,,,,,,
Sri Lanka,2018,28.3,4,ITU estimate,,,,,,
Sudan,2018,24.6,4,ITU estimate,,,,,,
Suriname,2018,55.1,4,ITU estimate,,,,,,
Switzerland,2018,91.8,4,ITU estimate,,,,,,
Syrian Arab Republic,2018,33.77,4,ITU estimate,,,,,,
Tanzania,2018,17.1,4,ITU estimate,,,,,,
Timor-Leste,2018,27.6,4,ITU estimate,,,,,,
Togo,2018,15.5,4,ITU estimate,,,,,,
Trinidad and Tobago,2018,72.8,4,ITU estimate,,,,,,
Vanuatu,2018,39.5,4,ITU estimate,,,,,,
Zimbabwe,2018,25,4,ITU estimate,,,,,,
Romania,2018,70.6813,238,Last 3 months,,,,,,
United Kingdom,2018,90.692,238,Last 3 months,,,,,,
France,2018,82.0432,70,Last 3 months.,,,,,,
Hungary,2018,76.0744,70,Last 3 months.,,,,,,
Iceland,2018,99.011,70,Last 3 months.,,,,,,
Italy,2018,74.3872,70,Last 3 months.,,,,,,
Kosovo,2018,89.443,70,Last 3 months.,,,,,,
Netherlands (Kingdom of the),2018,91.8919,70,Last 3 months.,,,,,,
Spain,2018,86.1072,258,Last 3 monthsIndividuals between 16 and 74 years old,,,,,,
Colombia,2018,64.1264,73,"Los datos son expandidos con proyecciones de población, elaboradas con base en los resultados del censo 2005.",,,,,,
Belarus,2018,79.1299,30,Persons aged 6-72 years; in the last 12 months,,,,,,
Peru,2018,55.0543,219,Reference period is the previous month.,,,,,,
Argentina,2018,77.7,8,Refers to population living in urban areas (92% of population live in urban areas).,,,,,,
India,2018,20.0813,134,"Social consumption - Education, NSS 75th round",,,,,,
Israel,2018,83.7332,146,"starting from 2014, the ISS asks about internet usage via a computer, or a mobile cellular phone",,,,,,
Türkiye,2018,71.0428,273,The total number of Internet users who used the Internet in the last three months.,,,,,,
Mongolia,2018,47.13,189,Weight adjusted in 2018,,,,,,
Algeria,2018,49.0385,,#N/A,,,,,,
Armenia,2018,68.2451,,#N/A,,,,,,
Azerbaijan,2018,79.8,,#N/A,,,,,,
Belgium,2018,88.6473,,#N/A,,,,,,
Bolivia (Plurinational State of),2018,44.2861,,#N/A,,,,,,
Bosnia and Herzegovina,2018,70.1201,,#N/A,,,,,,
Brazil,2018,70.4343,,#N/A,,,,,,
Brunei Darussalam,2018,95,,#N/A,,,,,,
Bulgaria,2018,64.782,,#N/A,,,,,,
Canada,2018,94.64,,#N/A,,,,,,
Costa Rica,2018,73.4797,,#N/A,,,,,,
Côte d'Ivoire,2018,37.5465,,#N/A,,,,,,
Croatia,2018,75.2946,,#N/A,,,,,,
Cuba,2018,62.6789,,#N/A,,,,,,
Cyprus,2018,84.4336,,#N/A,,,,,,
Czech Republic,2018,80.6882,,#N/A,,,,,,
Denmark,2018,97.3192,,#N/A,,,,,,
Dominican Republic,2018,74.822,,#N/A,,,,,,
Egypt,2018,46.9243,,#N/A,,,,,,
Estonia,2018,89.357,,#N/A,,,,,,
Finland,2018,88.89,,#N/A,,,,,,
Georgia,2018,62.7179,,#N/A,,,,,,
Germany,2018,87.0371,,#N/A,,,,,,
Greece,2018,72.2384,,#N/A,,,,,,
Haiti,2018,32.4736,,#N/A,,,,,,
Honduras,2018,36.0401,,#N/A,,,,,,
Indonesia,2018,39.9046,,#N/A,,,,,,
Iran (Islamic Republic of),2018,70.2006,,#N/A,,,,,,
Ireland,2018,87.0001,,#N/A,,,,,,
Jamaica,2018,68.2145,,#N/A,,,,,,
Jordan,2018,65.2,,#N/A,,,,,,
Kazakhstan,2018,78.9039,,#N/A,,,,,,
Korea (Republic  of),2018,96.0229,,#N/A,,,,,,
Kuwait,2018,99.5988,,#N/A,,,,,,
Kyrgyzstan,2018,62.8,,#N/A,,,,,,
Latvia,2018,83.5772,,#N/A,,,,,,
Lithuania,2018,79.7226,,#N/A,,,,,,
Luxembourg,2018,97.0613,,#N/A,,,,,,
Malaysia,2018,81.201,,#N/A,,,,,,
Malta,2018,81.658,,#N/A,,,,,,
Mauritius,2018,58.5962,,#N/A,,,,,,
Mexico,2018,56.6596,,#N/A,,,,,,
Montenegro,2018,71.5171,,#N/A,,,,,,
Morocco,2018,64.8039,,#N/A,,,,,,
North Macedonia,2018,79.1678,,#N/A,,,,,,
Norway,2018,96.4917,,#N/A,,,,,,
Panama,2018,61.8055,,#N/A,,,,,,
Paraguay,2018,64.9935,,#N/A,,,,,,
Poland,2018,77.5417,,#N/A,,,,,,
Portugal,2018,74.661,,#N/A,,,,,,
Qatar,2018,99.6528,,#N/A,,,,,,
Russian Federation,2018,80.8647,,#N/A,,,,,,
Saudi Arabia,2018,93.31,,#N/A,,,,,,
Serbia,2018,73.3607,,#N/A,,,,,,
Singapore,2018,88.1656,,#N/A,,,,,,
Slovakia,2018,80.4489,,#N/A,,,,,,
Slovenia,2018,79.75,,#N/A,,,,,,
State of Palestine,2018,64.4,,#N/A,,,,,,
Sweden,2018,89.247,,#N/A,,,,,,
Thailand,2018,56.8175,,#N/A,,,,,,
Tunisia,2018,64.1908,,#N/A,,,,,,
United States,2018,88.4989,,#N/A,,,,,,
Uruguay,2018,80.7268,,#N/A,,,,,,
Uzbekistan,2018,55.2,,#N/A,,,,,,
Viet Nam,2018,69.8479,,#N/A,,,,,,
Zambia,2018,14.3,,#N/A,,,,,,
Kuwait,2017,98,159,0.98,,,,,,
Mongolia,2017,23.7143,190,All population. ITU estimate.,,,,,,
Afghanistan,2017,13.5,3,"Asia Foundation, ITU estimate.",,,,,,
Puerto Rico,2017,68.7408,225,Data based on the ACS 2017 1 Year PUMS crosstabulation identifying the number of individuals living in a household with access to internet. Either by paying a cell phone company or Internet service provider or without paying a cell phone company or cell p,,,,,,
British Virgin Islands,2017,77.7043,42,estimate from 2015,,,,,,
Mauritius,2017,55.4032,180,Estimated,,,,,,
United Arab Emirates,2017,94.8199,281,Estimated 94.82% individuals using the internetReference period for computer & Internet  usage is 3 months only (Age 15 to 74 yrs),,,,,,
Bahrain,2017,95.8781,24,Estimated based on TRA 2017 Residential consumer survey,,,,,,
Japan,2017,91.7265,150,estimated by the following method. (The estimation population of more than 6 years old)×(Survey result(%)). Used in the last 12 months - includes all holders of mobile phones,,,,,,
Mexico,2017,53.0318,182,Figures for the population aged 6 and over. Data referring to the month of May 2017.,,,,,,
Nepal (Republic of),2017,24.3,199,"Findex, 15+.",,,,,,
Guinea,2017,18.7,127,Findex. ITU estimate.,,,,,,
Haiti,2017,27.2,127,Findex. ITU estimate.,,,,,,
Mali,2017,18.9,127,Findex. ITU estimate.,,,,,,
Cabo Verde,2017,57.1621,46,IMC 2017 survey,,,,,,
Andorra,2017,91.5675,5,In last three months,,,,,,
Türkiye,2017,64.6846,274,In the last 3 months,,,,,,
Peru,2017,50.4504,220,In the past month.,,,,,,
"China, Macao Special Administrative Region",2017,83.1741,69,Individuals using computer/Internet/mobile,,,,,,
Austria,2017,87.9356,13,Individuals using the Internet in the last 3 months,,,,,,
Denmark,2017,97.0994,91,internet used past 3 months,,,,,,
Australia,2017,86.545,11,Internet users are persons aged 15 years and over who accessed the internet for personal use in a typical week.,,,,,,
Albania,2017,62.4,4,ITU estimate,,,,,,
Algeria,2017,47.6911,4,ITU estimate,,,,,,
Angola,2017,26,4,ITU estimate,,,,,,
Antigua and Barbuda,2017,76.2,4,ITU estimate,,,,,,
Aruba,2017,97.17,4,ITU estimate,,,,,,
Bahamas,2017,80.6,4,ITU estimate,,,,,,
Barbados,2017,72.3,4,ITU estimate,,,,,,
Belize,2017,47.0826,4,ITU estimate,,,,,,
Bermuda,2017,98.37,4,ITU estimate,,,,,,
Bhutan,2017,54.3,4,ITU estimate,,,,,,
Bolivia (Plurinational State of),2017,43.8323,4,ITU estimate,,,,,,
Botswana,2017,41.4138,4,ITU estimate,,,,,,
Brunei Darussalam,2017,94.8667,4,ITU estimate,,,,,,
Burkina Faso,2017,7.79,4,ITU estimate,,,,,,
Canada,2017,92.7014,4,ITU estimate,,,,,,
Cayman Islands,2017,81.0677,4,ITU estimate,,,,,,
Central African Republic,2017,4,4,ITU estimate,,,,,,
Chad,2017,6.4,4,ITU estimate,,,,,,
Comoros,2017,8.47817,4,ITU estimate,,,,,,
Congo (Republic of the),2017,8.65,4,ITU estimate,,,,,,
Dominica,2017,69.6197,4,ITU estimate,,,,,,
Ecuador,2017,55.8,4,ITU estimate,,,,,,
Equatorial Guinea,2017,26.24,4,ITU estimate,,,,,,
Eritrea,2017,2.5,4,ITU estimate,,,,,,
Eswatini,2017,35.3,4,ITU estimate,,,,,,
Ethiopia,2017,15.6,4,ITU estimate,,,,,,
Faroe Islands,2017,97.582,4,ITU estimate,,,,,,
Fiji,2017,65.78,4,ITU estimate,,,,,,
French Polynesia,2017,72.7039,4,ITU estimate,,,,,,
Gabon,2017,50.3201,4,ITU estimate,,,,,,
Gambia,2017,22.5,4,ITU estimate,,,,,,
Ghana,2017,37.8842,4,ITU estimate,,,,,,
Greenland,2017,69.4825,4,ITU estimate,,,,,,
Grenada,2017,54.2,4,ITU estimate,,,,,,
Guam,2017,80.5055,4,ITU estimate,,,,,,
Guatemala,2017,37.9,4,ITU estimate,,,,,,
Guinea-Bissau,2017,14.8,4,ITU estimate,,,,,,
Guyana,2017,42.7,4,ITU estimate,,,,,,
India,2017,18.2,4,ITU estimate,,,,,,
Kenya,2017,17.8271,4,ITU estimate,,,,,,
Kiribati,2017,25.3096,4,ITU estimate,,,,,,
Kyrgyzstan,2017,50.8,4,ITU estimate,,,,,,
Lao People's Democratic Republic,2017,25.5104,4,ITU estimate,,,,,,
Lebanon,2017,78.1808,4,ITU estimate,,,,,,
Lesotho,2017,39,4,ITU estimate,,,,,,
Liberia,2017,16.3,4,ITU estimate,,,,,,
Liechtenstein,2017,99.5466,4,ITU estimate,,,,,,
Madagascar,2017,6.4,4,ITU estimate,,,,,,
Malawi,2017,7,4,ITU estimate,,,,,,
Maldives,2017,65,4,ITU estimate,,,,,,
Marshall Islands,2017,38.7012,4,ITU estimate,,,,,,
Mauritania,2017,24.2,4,ITU estimate,,,,,,
Micronesia,2017,35.3041,4,ITU estimate,,,,,,
Moldova,2017,49.9,4,ITU estimate,,,,,,
Monaco,2017,97.053,4,ITU estimate,,,,,,
Namibia,2017,36.8374,4,ITU estimate,,,,,,
Nauru,2017,62.3851,4,ITU estimate,,,,,,
New Caledonia,2017,82.0058,4,ITU estimate,,,,,,
New Zealand,2017,87.7,4,ITU estimate,,,,,,
Nicaragua,2017,30.4,4,ITU estimate,,,,,,
Nigeria,2017,25.9,4,ITU estimate,,,,,,
Oman,2017,80.1856,4,ITU estimate,,,,,,
Pakistan,2017,13.78,4,ITU estimate,,,,,,
Papua New Guinea,2017,11.2092,4,ITU estimate,,,,,,
Philippines,2017,41.6,4,ITU estimate,,,,,,
Saint Kitts and Nevis,2017,67.8,4,ITU estimate,,,,,,
Saint Lucia,2017,66.4,4,ITU estimate,,,,,,
Saint Vincent and the Grenadines,2017,53.7,4,ITU estimate,,,,,,
Samoa,2017,39.4,4,ITU estimate,,,,,,
San Marino,2017,60.1823,4,ITU estimate,,,,,,
Sao Tome and Principe,2017,32.6,4,ITU estimate,,,,,,
Senegal,2017,29.6431,4,ITU estimate,,,,,,
Seychelles,2017,62.6,4,ITU estimate,,,,,,
Sierra Leone,2017,13.2369,4,ITU estimate,,,,,,
Solomon Islands,2017,15.1,4,ITU estimate,,,,,,
Somalia,2017,2.00405,4,ITU estimate,,,,,,
South Africa,2017,56.1674,4,ITU estimate,,,,,,
Sri Lanka,2017,25.1,4,ITU estimate,,,,,,
State of Palestine,2017,63.3,4,ITU estimate,,,,,,
Sudan,2017,18.6,4,ITU estimate,,,,,,
Suriname,2017,48.9452,4,ITU estimate,,,,,,
Syrian Arab Republic,2017,32.7,4,ITU estimate,,,,,,
Tajikistan,2017,21.96,4,ITU estimate,,,,,,
Tanzania,2017,16,4,ITU estimate,,,,,,
Timor-Leste,2017,24.2,4,ITU estimate,,,,,,
Tonga,2017,46.2,4,ITU estimate,,,,,,
Trinidad and Tobago,2017,70.6,4,ITU estimate,,,,,,
Turkmenistan,2017,21.251,4,ITU estimate,,,,,,
Tuvalu,2017,35.2,4,ITU estimate,,,,,,
Vanuatu,2017,30.8,4,ITU estimate,,,,,,
Venezuela,2017,61.6,4,ITU estimate,,,,,,
Virgin Islands (US),2017,64.3775,4,ITU estimate,,,,,,
Yemen,2017,26.7184,4,ITU estimate,,,,,,
Zambia,2017,12.2,4,ITU estimate,,,,,,
Zimbabwe,2017,24.4,4,ITU estimate,,,,,,
Romania,2017,63.7473,238,Last 3 months,,,,,,
Spain,2017,84.6022,238,Last 3 months,,,,,,
United Kingdom,2017,90.4246,238,Last 3 months,,,,,,
Malta,2017,81.0119,173,Last 3 months (Revised),,,,,,
Croatia,2017,67.0962,70,Last 3 months.,,,,,,
France,2017,80.5025,70,Last 3 months.,,,,,,
Hungary,2017,76.7505,70,Last 3 months.,,,,,,
Iceland,2017,98.2552,70,Last 3 months.,,,,,,
Kosovo,2017,83.8936,70,Last 3 months.,,,,,,
Netherlands (Kingdom of the),2017,93.1973,70,Last 3 months.,,,,,,
"China, Hong Kong Special Administrative Region",2017,89.4159,62,last twelve months.,,,,,,
Colombia,2017,62.2599,73,"Los datos son expandidos con proyecciones de población, elaboradas con base en los resultados del censo 2005.",,,,,,
Belarus,2017,74.4364,30,Persons aged 6-72 years; in the last 12 months,,,,,,
South Sudan,2017,4.1,144,Population age 15+.,,,,,,
Georgia,2017,59.7055,116,Reference period is the last 3 months. Time period 2016-2017 is recalculated according to latest results of 2014 general population census.,,,,,,
Czech Republic,2017,78.7192,87,reference period: 3 months prior to questioning,,,,,,
Israel,2017,81.5812,146,"starting from 2014, the ISS asks about internet usage via a computer, or a mobile cellular phone",,,,,,
Ukraine,2017,58.8895,279,The number of the population that report on the use of the internet services during the last 12 months,,,,,,
Argentina,2017,74.2949,,#N/A,,,,,,
Armenia,2017,64.7449,,#N/A,,,,,,
Azerbaijan,2017,79,,#N/A,,,,,,
Bangladesh,2017,21.5,,#N/A,,,,,,
Belgium,2017,87.6797,,#N/A,,,,,,
Benin,2017,18.7,,#N/A,,,,,,
Bosnia and Herzegovina,2017,64.892,,#N/A,,,,,,
Brazil,2017,67.4713,,#N/A,,,,,,
Bulgaria,2017,63.4101,,#N/A,,,,,,
Burundi,2017,2.66075,,#N/A,,,,,,
Cambodia,2017,32.9003,,#N/A,,,,,,
Cameroon,2017,23.203,,#N/A,,,,,,
Chile,2017,82.3275,,#N/A,,,,,,
China,2017,54.3,,#N/A,,,,,,
Costa Rica,2017,71.5817,,#N/A,,,,,,
Côte d'Ivoire,2017,43.8399,,#N/A,,,,,,
Cuba,2017,57.1484,,#N/A,,,,,,
Curacao,2017,68.1272,,#N/A,,,,,,
Cyprus,2017,80.7432,,#N/A,,,,,,
Democratic Republic of the Congo,2017,8.6199,,#N/A,,,,,,
Djibouti,2017,55.6814,,#N/A,,,,,,
Dominican Republic,2017,67.5712,,#N/A,,,,,,
Egypt,2017,44.9502,,#N/A,,,,,,
El Salvador,2017,33.8207,,#N/A,,,,,,
Estonia,2017,88.1025,,#N/A,,,,,,
Finland,2017,87.4689,,#N/A,,,,,,
Germany,2017,84.3942,,#N/A,,,,,,
Greece,2017,69.893,,#N/A,,,,,,
Honduras,2017,31.7358,,#N/A,,,,,,
Indonesia,2017,32.3358,,#N/A,,,,,,
Iran (Islamic Republic of),2017,64.044,,#N/A,,,,,,
Iraq,2017,49.36,,#N/A,,,,,,
Ireland,2017,84.114,,#N/A,,,,,,
Italy,2017,63.0773,,#N/A,,,,,,
Jamaica,2017,55.0721,,#N/A,,,,,,
Jordan,2017,64.5,,#N/A,,,,,,
Kazakhstan,2017,76.4267,,#N/A,,,,,,
Korea (Republic  of),2017,95.0694,,#N/A,,,,,,
Latvia,2017,80.1141,,#N/A,,,,,,
Lithuania,2017,77.6153,,#N/A,,,,,,
Luxembourg,2017,97.363,,#N/A,,,,,,
Malaysia,2017,80.1405,,#N/A,,,,,,
Montenegro,2017,71.2723,,#N/A,,,,,,
Morocco,2017,61.7622,,#N/A,,,,,,
Mozambique,2017,7.79633,,#N/A,,,,,,
Myanmar,2017,23.6211,,#N/A,,,,,,
Niger,2017,10.2243,,#N/A,,,,,,
North Macedonia,2017,74.5168,,#N/A,,,,,,
Norway,2017,96.3576,,#N/A,,,,,,
Panama,2017,59.9506,,#N/A,,,,,,
Paraguay,2017,61.0758,,#N/A,,,,,,
Poland,2017,75.9854,,#N/A,,,,,,
Portugal,2017,73.7912,,#N/A,,,,,,
Qatar,2017,97.3888,,#N/A,,,,,,
Russian Federation,2017,76.0081,,#N/A,,,,,,
Rwanda,2017,17.2,,#N/A,,,,,,
Saudi Arabia,2017,94.1756,,#N/A,,,,,,
Serbia,2017,70.3308,,#N/A,,,,,,
Singapore,2017,84.4523,,#N/A,,,,,,
Slovakia,2017,81.6257,,#N/A,,,,,,
Slovenia,2017,78.8854,,#N/A,,,,,,
Sweden,2017,93.0063,,#N/A,,,,,,
Switzerland,2017,89.6861,,#N/A,,,,,,
Thailand,2017,52.8919,,#N/A,,,,,,
Togo,2017,12.3602,,#N/A,,,,,,
Tunisia,2017,55.5002,,#N/A,,,,,,
United States,2017,87.2749,,#N/A,,,,,,
Uruguay,2017,70.3224,,#N/A,,,,,,
Uzbekistan,2017,48.7,,#N/A,,,,,,
Viet Nam,2017,58.14,,#N/A,,,,,,
Viet Nam,2016,53,295,18+. ITU estimate.,,,,,,
Moldova,2016,71,187,"According to the Analytical Survey report “Citizens” perception, uptake and support for the e-Transformation of Governance in the Republic of  Moldova” – 2016, the share of Internet users who accessed the Internet over the past 12 months at least once a d",,,,,,
Peru,2016,45.4617,221,El periodo de referencia es el mes anterior.,,,,,,
British Virgin Islands,2016,77.7014,42,estimate from 2015,,,,,,
Angola,2016,23.2,6,Estimated based on DHS. ITU estimate.,,,,,,
Bahrain,2016,98,25,Estimated based on TRA 2016 Residential consumer survey,,,,,,
Japan,2016,93.1827,150,estimated by the following method. (The estimation population of more than 6 years old)×(Survey result(%)). Used in the last 12 months - includes all holders of mobile phones,,,,,,
Malaysia,2016,78.7883,165,Estimates by DOSM,,,,,,
Mexico,2016,59.5404,183,Figures for the population aged 6 and over. Data referring to the month of May 2016.,,,,,,
"China, Hong Kong Special Administrative Region",2016,87.4794,63,Iin the last twelve months.,,,,,,
Cabo Verde,2016,50.3228,47,IMC 2016 survey,,,,,,
Türkiye,2016,58.3477,274,In the last 3 months,,,,,,
Dominican Republic,2016,63.8709,93,Individuals using the Internet (from any location) in the last 12 months.,,,,,,
Malta,2016,78.0751,174,Individuals who have used the internet 3 months prior to the survey (Revised),,,,,,
Denmark,2016,96.9678,91,internet used past 3 months,,,,,,
Afghanistan,2016,11,4,ITU estimate,,,,,,
Albania,2016,59.6,4,ITU estimate,,,,,,
Algeria,2016,42.9455,4,ITU estimate,,,,,,
Andorra,2016,89.7,4,ITU estimate,,,,,,
Anguilla,2016,81.57,4,ITU estimate,,,,,,
Antigua and Barbuda,2016,73,4,ITU estimate,,,,,,
Aruba,2016,93.5425,4,ITU estimate,,,,,,
Australia,2016,86.54,4,ITU estimate,,,,,,
Bahamas,2016,80,4,ITU estimate,,,,,,
Bangladesh,2016,18.1,4,ITU estimate,,,,,,
Barbados,2016,72.2,4,ITU estimate,,,,,,
Belize,2016,44.5757,4,ITU estimate,,,,,,
Benin,2016,14.5,4,ITU estimate,,,,,,
Bermuda,2016,98,4,ITU estimate,,,,,,
Bhutan,2016,46.5,4,ITU estimate,,,,,,
Bolivia (Plurinational State of),2016,39.6975,4,ITU estimate,,,,,,
Botswana,2016,39.363,4,ITU estimate,,,,,,
Burkina Faso,2016,7.14,4,ITU estimate,,,,,,
Burundi,2016,2.2,4,ITU estimate,,,,,,
Cameroon,2016,20.6,4,ITU estimate,,,,,,
Canada,2016,91.16,4,ITU estimate,,,,,,
Cayman Islands,2016,79,4,ITU estimate,,,,,,
Central African Republic,2016,3.1,4,ITU estimate,,,,,,
Chad,2016,5.8,4,ITU estimate,,,,,,
Comoros,2016,7.93832,4,ITU estimate,,,,,,
Congo (Republic of the),2016,8.12195,4,ITU estimate,,,,,,
Cook Islands,2016,54,4,ITU estimate,,,,,,
Curacao,2016,61.8555,4,ITU estimate,,,,,,
Djibouti,2016,30.8,4,ITU estimate,,,,,,
Dominica,2016,67.03,4,ITU estimate,,,,,,
El Salvador,2016,28.9971,4,ITU estimate,,,,,,
Equatorial Guinea,2016,23.78,4,ITU estimate,,,,,,
Eritrea,2016,1.17712,4,ITU estimate,,,,,,
Eswatini,2016,28.57,4,ITU estimate,,,,,,
Falkland (Malvinas) Islands,2016,99.0152,4,ITU estimate,,,,,,
Faroe Islands,2016,95.1087,4,ITU estimate,,,,,,
Fiji,2016,49.42,4,ITU estimate,,,,,,
French Polynesia,2016,68.4404,4,ITU estimate,,,,,,
Gabon,2016,48.0523,4,ITU estimate,,,,,,
Gambia,2016,19.9,4,ITU estimate,,,,,,
Ghana,2016,28,4,ITU estimate,,,,,,
Gibraltar,2016,94.4445,4,ITU estimate,,,,,,
Greenland,2016,68.5009,4,ITU estimate,,,,,,
Grenada,2016,53.3,4,ITU estimate,,,,,,
Guam,2016,77.01,4,ITU estimate,,,,,,
Guatemala,2016,34.5093,4,ITU estimate,,,,,,
Guinea,2016,13.1,4,ITU estimate,,,,,,
Guinea-Bissau,2016,13.8,4,ITU estimate,,,,,,
Guyana,2016,35.66,4,ITU estimate,,,,,,
Haiti,2016,22.8,4,ITU estimate,,,,,,
Iceland,2016,98.24,4,ITU estimate,,,,,,
India,2016,16.5,4,ITU estimate,,,,,,
Iraq,2016,19.9,4,ITU estimate,,,,,,
Jordan,2016,56.15,4,ITU estimate,,,,,,
Kiribati,2016,19.4194,4,ITU estimate,,,,,,
Kuwait,2016,85.6,4,ITU estimate,,,,,,
Kyrgyzstan,2016,40.5,4,ITU estimate,,,,,,
Lao People's Democratic Republic,2016,21.87,4,ITU estimate,,,,,,
Lebanon,2016,76.11,4,ITU estimate,,,,,,
Liberia,2016,15.7,4,ITU estimate,,,,,,
Liechtenstein,2016,98.0939,4,ITU estimate,,,,,,
Madagascar,2016,4.71366,4,ITU estimate,,,,,,
Malawi,2016,6.3,4,ITU estimate,,,,,,
Maldives,2016,59.5,4,ITU estimate,,,,,,
Mali,2016,14,4,ITU estimate,,,,,,
Marshall Islands,2016,29.7878,4,ITU estimate,,,,,,
Mauritania,2016,24.1,4,ITU estimate,,,,,,
Mauritius,2016,52.1913,4,ITU estimate,,,,,,
Micronesia,2016,33.3522,4,ITU estimate,,,,,,
Monaco,2016,95.2082,4,ITU estimate,,,,,,
Mozambique,2016,7,4,ITU estimate,,,,,,
Myanmar,2016,16,4,ITU estimate,,,,,,
Namibia,2016,31.0333,4,ITU estimate,,,,,,
Nepal (Republic of),2016,20.7,4,ITU estimate,,,,,,
New Zealand,2016,86.5,4,ITU estimate,,,,,,
Nicaragua,2016,24.5718,4,ITU estimate,,,,,,
Niger,2016,4.32276,4,ITU estimate,,,,,,
Nigeria,2016,24.1,4,ITU estimate,,,,,,
Panama,2016,54,4,ITU estimate,,,,,,
Papua New Guinea,2016,9.60154,4,ITU estimate,,,,,,
Philippines,2016,39.2,4,ITU estimate,,,,,,
Rwanda,2016,14.6,4,ITU estimate,,,,,,
Saint Kitts and Nevis,2016,67,4,ITU estimate,,,,,,
Saint Lucia,2016,61.7,4,ITU estimate,,,,,,
Saint Vincent and the Grenadines,2016,51.5,4,ITU estimate,,,,,,
Samoa,2016,31.7,4,ITU estimate,,,,,,
Sao Tome and Principe,2016,28,4,ITU estimate,,,,,,
Senegal,2016,25.6648,4,ITU estimate,,,,,,
Seychelles,2016,56.5147,4,ITU estimate,,,,,,
Sierra Leone,2016,11.7732,4,ITU estimate,,,,,,
Solomon Islands,2016,11.0009,4,ITU estimate,,,,,,
Somalia,2016,1.88,4,ITU estimate,,,,,,
South Africa,2016,54,4,ITU estimate,,,,,,
South Sudan,2016,3.5,4,ITU estimate,,,,,,
State of Palestine,2016,59.9,4,ITU estimate,,,,,,
Suriname,2016,45.4,4,ITU estimate,,,,,,
Syrian Arab Republic,2016,31.8696,4,ITU estimate,,,,,,
Tajikistan,2016,20.47,4,ITU estimate,,,,,,
Timor-Leste,2016,21.2,4,ITU estimate,,,,,,
Togo,2016,11.31,4,ITU estimate,,,,,,
Tonga,2016,39.95,4,ITU estimate,,,,,,
Trinidad and Tobago,2016,67.8,4,ITU estimate,,,,,,
Turkmenistan,2016,17.9903,4,ITU estimate,,,,,,
Uruguay,2016,66.4,4,ITU estimate,,,,,,
Uzbekistan,2016,46.7913,4,ITU estimate,,,,,,
Vanuatu,2016,24,4,ITU estimate,,,,,,
Venezuela,2016,60,4,ITU estimate,,,,,,
Virgin Islands (US),2016,59.6083,4,ITU estimate,,,,,,
Yemen,2016,24.5792,4,ITU estimate,,,,,,
Zambia,2016,10.3,4,ITU estimate,,,,,,
Zimbabwe,2016,23.12,4,ITU estimate,,,,,,
Croatia,2016,72.6973,70,Last 3 months.,,,,,,
Germany,2016,84.1652,70,Last 3 months.,,,,,,
Latvia,2016,79.8421,70,Last 3 months.,,,,,,
North Macedonia,2016,72.1568,70,Last 3 months.,,,,,,
Norway,2016,97.2982,70,Last 3 months.,,,,,,
United Kingdom,2016,94.7758,70,Last 3 months.,,,,,,
Romania,2016,59.504,239,Number of individuals internet user in the last 3 months,,,,,,
Puerto Rico,2016,68.6438,226,Number of individuals who used the Internet in the last three months at home.,,,,,,
Sweden,2016,89.6509,264,"Numbers are rounded in the calculations, hence the sum of the parts may not equal the total.",,,,,,
Belarus,2016,71.113,31,Persons aged 6-72 years.; in the last 12 months,,,,,,
Tuvalu,2016,31,277,Population age 10+ in the last month.,,,,,,
United Arab Emirates,2016,90.6,282,Reference period for computer & Internet  usage is 3 months only,,,,,,
Georgia,2016,58.4593,116,Reference period is the last 3 months. Time period 2016-2017 is recalculated according to latest results of 2014 general population census.,,,,,,
Israel,2016,79.6531,146,"starting from 2014, the ISS asks about internet usage via a computer, or a mobile cellular phone",,,,,,
Bosnia and Herzegovina,2016,60.2565,39,The data is corrected,,,,,,
Ukraine,2016,53.001,279,The number of the population that report on the use of the internet services during the last 12 months,,,,,,
Hungary,2016,79.2594,132,Usage within the last 3 months.,,,,,,
Spain,2016,80.5613,259,Users of Internet in the last 3 months.,,,,,,
Argentina,2016,70.969,,#N/A,,,,,,
Armenia,2016,64.346,,#N/A,,,,,,
Austria,2016,84.3237,,#N/A,,,,,,
Azerbaijan,2016,78.2,,#N/A,,,,,,
Belgium,2016,86.5165,,#N/A,,,,,,
Brazil,2016,60.8725,,#N/A,,,,,,
Brunei Darussalam,2016,90,,#N/A,,,,,,
Bulgaria,2016,59.8255,,#N/A,,,,,,
Cambodia,2016,32.3985,,#N/A,,,,,,
Chile,2016,83.5586,,#N/A,,,,,,
China,2016,53.2,,#N/A,,,,,,
"China, Macao Special Administrative Region",2016,81.643,,#N/A,,,,,,
Colombia,2016,58.1365,,#N/A,,,,,,
Costa Rica,2016,65.8804,,#N/A,,,,,,
Côte d'Ivoire,2016,41.2078,,#N/A,,,,,,
Cuba,2016,42.9787,,#N/A,,,,,,
Cyprus,2016,75.9002,,#N/A,,,,,,
Czech Republic,2016,76.4812,,#N/A,,,,,,
Democratic Republic of the Congo,2016,10.1,,#N/A,,,,,,
Ecuador,2016,54.0629,,#N/A,,,,,,
Egypt,2016,41.2481,,#N/A,,,,,,
Estonia,2016,87.2402,,#N/A,,,,,,
Ethiopia,2016,15.3669,,#N/A,,,,,,
Finland,2016,87.7036,,#N/A,,,,,,
France,2016,79.2698,,#N/A,,,,,,
Greece,2016,69.0879,,#N/A,,,,,,
Honduras,2016,29.5282,,#N/A,,,,,,
Indonesia,2016,25.4474,,#N/A,,,,,,
Iran (Islamic Republic of),2016,53.2268,,#N/A,,,,,,
Ireland,2016,83.5,,#N/A,,,,,,
Italy,2016,61.3243,,#N/A,,,,,,
Jamaica,2016,44.3669,,#N/A,,,,,,
Kazakhstan,2016,74.5877,,#N/A,,,,,,
Kenya,2016,16.6,,#N/A,,,,,,
Korea (Republic  of),2016,92.843,,#N/A,,,,,,
Lesotho,2016,32.4539,,#N/A,,,,,,
Lithuania,2016,74.3766,,#N/A,,,,,,
Luxembourg,2016,98.1367,,#N/A,,,,,,
Mongolia,2016,22.2658,,#N/A,,,,,,
Montenegro,2016,69.8816,,#N/A,,,,,,
Morocco,2016,58.2712,,#N/A,,,,,,
Netherlands (Kingdom of the),2016,90.411,,#N/A,,,,,,
Oman,2016,76.8454,,#N/A,,,,,,
Pakistan,2016,12.3854,,#N/A,,,,,,
Paraguay,2016,53.4041,,#N/A,,,,,,
Poland,2016,73.3007,,#N/A,,,,,,
Portugal,2016,70.4236,,#N/A,,,,,,
Qatar,2016,95.1247,,#N/A,,,,,,
Russian Federation,2016,73.0914,,#N/A,,,,,,
Saudi Arabia,2016,74.8793,,#N/A,,,,,,
Serbia,2016,67.0568,,#N/A,,,,,,
Singapore,2016,84.4523,,#N/A,,,,,,
Slovakia,2016,80.4759,,#N/A,,,,,,
Slovenia,2016,75.4985,,#N/A,,,,,,
Sri Lanka,2016,22.19,,#N/A,,,,,,
Sudan,2016,14.1,,#N/A,,,,,,
Switzerland,2016,89.1347,,#N/A,,,,,,
Tanzania,2016,13.5042,,#N/A,,,,,,
Thailand,2016,47.505,,#N/A,,,,,,
Tunisia,2016,49.6,,#N/A,,,,,,
Uganda,2016,5.9,,#N/A,,,,,,
United States,2016,85.5444,,#N/A,,,,,,
Ireland,2015,83.4948,141,0.83,,,,,,
Viet Nam,2015,45,295,18+. ITU estimate.,,,,,,
Sri Lanka,2015,15.26,262,"5 – 69 years used in last year, DC&S. ITU estimate.",,,,,,
Australia,2015,84.5605,12,Accessed the internet for personal use in a typical week.,,,,,,
Kiribati,2015,14.9,156,Census. ITU estimate.,,,,,,
Paraguay,2015,49.7163,215,"Dato recalculado debido a la disponibilidad de nuevos ponderadores, ajustados a las nuevas proyecciones de población basadas en el último Censo Nacional de Población y Viviendas de 2012",,,,,,
Belarus,2015,62.2304,32,During the recent 12 months.,,,,,,
Costa Rica,2015,59.763,78,"En el caso de las personas que han utilizado la computadora en los últimos tres meses , se consideró el uso de computadora portatil o tablet o computadora de escritorio ya que las preguntas se realizan de forma independiente.",,,,,,
Mauritius,2015,50.1393,181,estimate,,,,,,
Japan,2015,91.058,150,estimated by the following method. (The estimation population of more than 6 years old)×(Survey result(%)). Used in the last 12 months - includes all holders of mobile phones,,,,,,
Zambia,2015,8.8,296,ICT survey. Population age 11+,,,,,,
Cabo Verde,2015,42.683,48,IDRF 2015 survey,,,,,,
Belgium,2015,85.0529,33,"In accordance with the explanation of indicator HH7, individuals using the Internet (or Internet users) are understood to be individuals who have used the internet from any location in the last three months.",,,,,,
Türkiye,2015,53.745,29,In the last 12 months,,,,,,
Ukraine,2015,48.8846,29,In the last 12 months,,,,,,
"China, Hong Kong Special Administrative Region",2015,84.9484,61,In the last twelve months,,,,,,
Dominican Republic,2015,54.2158,94,Individuals using the Internet (from any location) in the last 3 months.,,,,,,
Malta,2015,75.96,175,Individuals who have used the internet 3 months prior to the survey - 2015,,,,,,
Denmark,2015,96.3305,91,internet used past 3 months,,,,,,
Afghanistan,2015,8.26,4,ITU estimate,,,,,,
Albania,2015,56.9,4,ITU estimate,,,,,,
Algeria,2015,38.2,4,ITU estimate,,,,,,
Andorra,2015,87.9,4,ITU estimate,,,,,,
Angola,2015,22,4,ITU estimate,,,,,,
Anguilla,2015,75.98,4,ITU estimate,,,,,,
Antigua and Barbuda,2015,70,4,ITU estimate,,,,,,
Aruba,2015,88.6612,4,ITU estimate,,,,,,
Bahamas,2015,78,4,ITU estimate,,,,,,
Bangladesh,2015,12.9,4,ITU estimate,,,,,,
Barbados,2015,72,4,ITU estimate,,,,,,
Belize,2015,41.59,4,ITU estimate,,,,,,
Benin,2015,11.255,4,ITU estimate,,,,,,
Bermuda,2015,98.3236,4,ITU estimate,,,,,,
Bhutan,2015,39.8,4,ITU estimate,,,,,,
Bosnia and Herzegovina,2015,52.6,4,ITU estimate,,,,,,
Botswana,2015,37.3121,4,ITU estimate,,,,,,
Brunei Darussalam,2015,71.2,4,ITU estimate,,,,,,
Burkina Faso,2015,6.55,4,ITU estimate,,,,,,
Burundi,2015,2,4,ITU estimate,,,,,,
Cameroon,2015,18.3,4,ITU estimate,,,,,,
Canada,2015,90,4,ITU estimate,,,,,,
Cayman Islands,2015,77,4,ITU estimate,,,,,,
Central African Republic,2015,2.9,4,ITU estimate,,,,,,
Chad,2015,3.5,4,ITU estimate,,,,,,
Comoros,2015,7.45916,4,ITU estimate,,,,,,
Congo (Republic of the),2015,7.61597,4,ITU estimate,,,,,,
Cook Islands,2015,51,4,ITU estimate,,,,,,
Democratic Republic of the Congo,2015,3.8,4,ITU estimate,,,,,,
Djibouti,2015,22.9,4,ITU estimate,,,,,,
Dominica,2015,65,4,ITU estimate,,,,,,
Equatorial Guinea,2015,21.32,4,ITU estimate,,,,,,
Eritrea,2015,1.08373,4,ITU estimate,,,,,,
Eswatini,2015,25.643,4,ITU estimate,,,,,,
Falkland (Malvinas) Islands,2015,98.3051,4,ITU estimate,,,,,,
Faroe Islands,2015,94.2,4,ITU estimate,,,,,,
Fiji,2015,42.5,4,ITU estimate,,,,,,
French Polynesia,2015,64.5602,4,ITU estimate,,,,,,
Gabon,2015,45.7845,4,ITU estimate,,,,,,
Gambia,2015,17.6,4,ITU estimate,,,,,,
Ghana,2015,23,4,ITU estimate,,,,,,
Greenland,2015,67.6004,4,ITU estimate,,,,,,
Grenada,2015,52.5,4,ITU estimate,,,,,,
Guam,2015,73.14,4,ITU estimate,,,,,,
Guatemala,2015,28.8059,4,ITU estimate,,,,,,
Guinea,2015,9.2,4,ITU estimate,,,,,,
Guinea-Bissau,2015,6.1,4,ITU estimate,,,,,,
Guyana,2015,34,4,ITU estimate,,,,,,
Haiti,2015,14.2,4,ITU estimate,,,,,,
Iceland,2015,98.2,4,ITU estimate,,,,,,
India,2015,14.9,4,ITU estimate,,,,,,
Iraq,2015,15.2,4,ITU estimate,,,,,,
Jordan,2015,54.22,4,ITU estimate,,,,,,
Kuwait,2015,82,4,ITU estimate,,,,,,
Kyrgyzstan,2015,30.247,4,ITU estimate,,,,,,
Lao People's Democratic Republic,2015,18.2,4,ITU estimate,,,,,,
Lebanon,2015,74,4,ITU estimate,,,,,,
Lesotho,2015,25,4,ITU estimate,,,,,,
Liberia,2015,10,4,ITU estimate,,,,,,
Liechtenstein,2015,96.6412,4,ITU estimate,,,,,,
Madagascar,2015,4.17397,4,ITU estimate,,,,,,
Malawi,2015,6,4,ITU estimate,,,,,,
Maldives,2015,54.462,4,ITU estimate,,,,,,
Mali,2015,10.33,4,ITU estimate,,,,,,
Marshall Islands,2015,19.2824,4,ITU estimate,,,,,,
Mauritania,2015,17.6,4,ITU estimate,,,,,,
Micronesia,2015,31.5011,4,ITU estimate,,,,,,
Monaco,2015,93.3633,4,ITU estimate,,,,,,
Mozambique,2015,6.5,4,ITU estimate,,,,,,
Myanmar,2015,10.9,4,ITU estimate,,,,,,
Namibia,2015,25.6879,4,ITU estimate,,,,,,
Nepal (Republic of),2015,17.5816,4,ITU estimate,,,,,,
New Caledonia,2015,74.0018,4,ITU estimate,,,,,,
New Zealand,2015,85.2,4,ITU estimate,,,,,,
Nicaragua,2015,19.7043,4,ITU estimate,,,,,,
Niger,2015,2.47622,4,ITU estimate,,,,,,
Nigeria,2015,22.5,4,ITU estimate,,,,,,
Oman,2015,73.53,4,ITU estimate,,,,,,
Pakistan,2015,11,4,ITU estimate,,,,,,
Papua New Guinea,2015,7.9,4,ITU estimate,,,,,,
Philippines,2015,36.9,4,ITU estimate,,,,,,
Rwanda,2015,12.5,4,ITU estimate,,,,,,
Saint Kitts and Nevis,2015,66.2,4,ITU estimate,,,,,,
Saint Lucia,2015,57.3,4,ITU estimate,,,,,,
Saint Vincent and the Grenadines,2015,49.4,4,ITU estimate,,,,,,
Samoa,2015,25.407,4,ITU estimate,,,,,,
Sao Tome and Principe,2015,25.82,4,ITU estimate,,,,,,
Senegal,2015,21.7,4,ITU estimate,,,,,,
Seychelles,2015,54.2596,4,ITU estimate,,,,,,
Sierra Leone,2015,6.34442,4,ITU estimate,,,,,,
Solomon Islands,2015,10.0005,4,ITU estimate,,,,,,
Somalia,2015,1.76,4,ITU estimate,,,,,,
South Africa,2015,51.9191,4,ITU estimate,,,,,,
South Sudan,2015,3,4,ITU estimate,,,,,,
State of Palestine,2015,56.7,4,ITU estimate,,,,,,
Suriname,2015,42.7638,4,ITU estimate,,,,,,
Syrian Arab Republic,2015,29.9798,4,ITU estimate,,,,,,
Tajikistan,2015,18.98,4,ITU estimate,,,,,,
Tanzania,2015,10,4,ITU estimate,,,,,,
Timor-Leste,2015,18.6,4,ITU estimate,,,,,,
Togo,2015,7.12,4,ITU estimate,,,,,,
Tonga,2015,38.6513,4,ITU estimate,,,,,,
Trinidad and Tobago,2015,65.1,4,ITU estimate,,,,,,
Turkmenistan,2015,14.9968,4,ITU estimate,,,,,,
Tuvalu,2015,27.3,4,ITU estimate,,,,,,
Uganda,2015,5.8,4,ITU estimate,,,,,,
United Arab Emirates,2015,90.5,4,ITU estimate,,,,,,
Uzbekistan,2015,42.8,4,ITU estimate,,,,,,
Vanuatu,2015,22.3514,4,ITU estimate,,,,,,
Venezuela,2015,58,4,ITU estimate,,,,,,
Virgin Islands (US),2015,54.8391,4,ITU estimate,,,,,,
Yemen,2015,24.0854,4,ITU estimate,,,,,,
Zimbabwe,2015,22.7428,4,ITU estimate,,,,,,
Croatia,2015,69.845,70,Last 3 months.,,,,,,
Germany,2015,87.5898,70,Last 3 months.,,,,,,
Latvia,2015,79.2006,70,Last 3 months.,,,,,,
North Macedonia,2015,70.3802,70,Last 3 months.,,,,,,
Norway,2015,96.8103,70,Last 3 months.,,,,,,
United Kingdom,2015,92.0003,70,Last 3 months.,,,,,,
Romania,2015,55.7632,239,Number of individuals internet user in the last 3 months,,,,,,
China,2015,50.3,57,Permanent residents at the age of 6 or above. In the last 6 months. ITU estimate.,,,,,,
Saudi Arabia,2015,69.6162,246,"please not that this number is reflecting the whole pouplition, based on the age range 12-65 years for the study it is 70% of the pouplation",,,,,,
United States,2015,74.5542,290,Reference period is past six months.,,,,,,
Puerto Rico,2015,63.4663,227,"Source: U.S. Census Bureau, 2015 ACS 1-Year Estimates – PUMS. http://dataferrett.census.gov/. User could report more than one option. Values could overlap.  Laptop category include laptop, desktop, or notebook computer. Data for this category is not avail",,,,,,
Israel,2015,77.3521,146,"starting from 2014, the ISS asks about internet usage via a computer, or a mobile cellular phone",,,,,,
Hungary,2015,72.8347,132,Usage within the last 3 months.,,,,,,
Spain,2015,78.6896,259,Users of Internet in the last 3 months.,,,,,,
Argentina,2015,68.0431,,#N/A,,,,,,
Armenia,2015,59.1008,,#N/A,,,,,,
Austria,2015,83.9401,,#N/A,,,,,,
Azerbaijan,2015,77,,#N/A,,,,,,
Bahrain,2015,93.4783,,#N/A,,,,,,
Bolivia (Plurinational State of),2015,37.4868,,#N/A,,,,,,
Brazil,2015,58.328,,#N/A,,,,,,
Bulgaria,2015,56.6563,,#N/A,,,,,,
Cambodia,2015,6.43319,,#N/A,,,,,,
Chile,2015,76.6296,,#N/A,,,,,,
"China, Macao Special Administrative Region",2015,77.6001,,#N/A,,,,,,
Colombia,2015,55.905,,#N/A,,,,,,
Côte d'Ivoire,2015,38.44,,#N/A,,,,,,
Cuba,2015,37.3051,,#N/A,,,,,,
Cyprus,2015,71.7157,,#N/A,,,,,,
Czech Republic,2015,75.6688,,#N/A,,,,,,
Ecuador,2015,48.9404,,#N/A,,,,,,
Egypt,2015,37.8194,,#N/A,,,,,,
El Salvador,2015,26.8026,,#N/A,,,,,,
Estonia,2015,88.4097,,#N/A,,,,,,
Ethiopia,2015,13.8552,,#N/A,,,,,,
Finland,2015,86.4221,,#N/A,,,,,,
France,2015,78.006,,#N/A,,,,,,
Georgia,2015,47.5698,,#N/A,,,,,,
Greece,2015,66.835,,#N/A,,,,,,
Honduras,2015,27.1395,,#N/A,,,,,,
Indonesia,2015,22.0627,,#N/A,,,,,,
Iran (Islamic Republic of),2015,45.335,,#N/A,,,,,,
Italy,2015,58.1417,,#N/A,,,,,,
Jamaica,2015,42.2212,,#N/A,,,,,,
Kazakhstan,2015,70.8299,,#N/A,,,,,,
Kenya,2015,16.5879,,#N/A,,,,,,
Korea (Republic  of),2015,89.8963,,#N/A,,,,,,
Lithuania,2015,71.3781,,#N/A,,,,,,
Luxembourg,2015,96.3767,,#N/A,,,,,,
Malaysia,2015,71.0641,,#N/A,,,,,,
Mexico,2015,57.431,,#N/A,,,,,,
Moldova,2015,69,,#N/A,,,,,,
Mongolia,2015,22.5,,#N/A,,,,,,
Montenegro,2015,68.1198,,#N/A,,,,,,
Morocco,2015,57.08,,#N/A,,,,,,
Netherlands (Kingdom of the),2015,91.7241,,#N/A,,,,,,
Panama,2015,51.2054,,#N/A,,,,,,
Peru,2015,40.8526,,#N/A,,,,,,
Poland,2015,67.997,,#N/A,,,,,,
Portugal,2015,68.6329,,#N/A,,,,,,
Qatar,2015,92.8848,,#N/A,,,,,,
Russian Federation,2015,70.0992,,#N/A,,,,,,
Serbia,2015,65.317,,#N/A,,,,,,
Singapore,2015,79.013,,#N/A,,,,,,
Slovakia,2015,77.6347,,#N/A,,,,,,
Slovenia,2015,73.0987,,#N/A,,,,,,
Sweden,2015,90.6102,,#N/A,,,,,,
Switzerland,2015,87.4791,,#N/A,,,,,,
Thailand,2015,39.3161,,#N/A,,,,,,
Tunisia,2015,46.5,,#N/A,,,,,,
Uruguay,2015,64.5708,,#N/A,,,,,,
Ireland,2014,83.4917,142,0.84,,,,,,
Iran (Islamic Republic of),2014,39.3536,140,1. Estimate 2. Individuals aged 6 and over.,,,,,,
Puerto Rico,2014,76.1339,228,American Community Survey,,,,,,
Burundi,2014,1.04239,45,cet indicateur est calculé à base de la question B25 du questionnaire,,,,,,
Belarus,2014,59.0163,32,During the recent 12 months.,,,,,,
Malaysia,2014,63.6654,166,Estimate by DOSM,,,,,,
Türkiye,2014,51.0374,29,In the last 12 months,,,,,,
Russian Federation,2014,70.5176,38,In the last 12 months.,,,,,,
Malta,2014,73.1141,176,Individuals who have used the internet 3 months prior to the survey - 2014,,,,,,
Ecuador,2014,45.5904,98,INFORMANTE DIRECTO DE 15 AÑOS Y MÁS,,,,,,
Zimbabwe,2014,16.3647,297,Internet users aged 3 years and above who used the Internet in the last 3 months ending 30 June 2014.,,,,,,
Afghanistan,2014,7,4,ITU estimate,,,,,,
Albania,2014,54.3,4,ITU estimate,,,,,,
Algeria,2014,29.5,4,ITU estimate,,,,,,
Andorra,2014,86.1,4,ITU estimate,,,,,,
Anguilla,2014,70.39,4,ITU estimate,,,,,,
Antigua and Barbuda,2014,67.78,4,ITU estimate,,,,,,
Argentina,2014,64.7,4,ITU estimate,,,,,,
Aruba,2014,83.78,4,ITU estimate,,,,,,
Australia,2014,84,4,ITU estimate,,,,,,
Bahamas,2014,76.92,4,ITU estimate,,,,,,
Bangladesh,2014,11.9,4,ITU estimate,,,,,,
Barbados,2014,71.9,4,ITU estimate,,,,,,
Belize,2014,38.7,4,ITU estimate,,,,,,
Benin,2014,6,4,ITU estimate,,,,,,
Bermuda,2014,96.8,4,ITU estimate,,,,,,
Bhutan,2014,30.3,4,ITU estimate,,,,,,
Bosnia and Herzegovina,2014,49.9177,4,ITU estimate,,,,,,
Brunei Darussalam,2014,68.77,4,ITU estimate,,,,,,
Cabo Verde,2014,40.26,4,ITU estimate,,,,,,
Cambodia,2014,14,4,ITU estimate,,,,,,
Canada,2014,87.12,4,ITU estimate,,,,,,
Cayman Islands,2014,74.1,4,ITU estimate,,,,,,
Central African Republic,2014,2.7,4,ITU estimate,,,,,,
Chad,2014,2.9,4,ITU estimate,,,,,,
Chile,2014,61.11,4,ITU estimate,,,,,,
Comoros,2014,6.98,4,ITU estimate,,,,,,
Congo (Republic of the),2014,7.11,4,ITU estimate,,,,,,
Cook Islands,2014,48,4,ITU estimate,,,,,,
Costa Rica,2014,53,4,ITU estimate,,,,,,
Côte d'Ivoire,2014,10,4,ITU estimate,,,,,,
Democratic Republic of the Congo,2014,3,4,ITU estimate,,,,,,
Djibouti,2014,17,4,ITU estimate,,,,,,
Dominican Republic,2014,49.58,4,ITU estimate,,,,,,
Equatorial Guinea,2014,18.86,4,ITU estimate,,,,,,
Eritrea,2014,0.99,4,ITU estimate,,,,,,
Eswatini,2014,25,4,ITU estimate,,,,,,
Ethiopia,2014,7.7,4,ITU estimate,,,,,,
Falkland (Malvinas) Islands,2014,97.6,4,ITU estimate,,,,,,
Faroe Islands,2014,93.3,4,ITU estimate,,,,,,
Fiji,2014,37.4,4,ITU estimate,,,,,,
French Polynesia,2014,60.68,4,ITU estimate,,,,,,
Gabon,2014,38.0712,4,ITU estimate,,,,,,
Gambia,2014,15.56,4,ITU estimate,,,,,,
Ghana,2014,19,4,ITU estimate,,,,,,
Greenland,2014,66.7,4,ITU estimate,,,,,,
Guam,2014,69.27,4,ITU estimate,,,,,,
Guatemala,2014,23.4,4,ITU estimate,,,,,,
Guinea,2014,6.4,4,ITU estimate,,,,,,
Guinea-Bissau,2014,3.32,4,ITU estimate,,,,,,
Guyana,2014,32,4,ITU estimate,,,,,,
Haiti,2014,11.4,4,ITU estimate,,,,,,
India,2014,13.5,4,ITU estimate,,,,,,
Kazakhstan,2014,66,4,ITU estimate,,,,,,
Kenya,2014,16.5,4,ITU estimate,,,,,,
Kiribati,2014,12.25,4,ITU estimate,,,,,,
Kuwait,2014,78.7,4,ITU estimate,,,,,,
Kyrgyzstan,2014,28.3,4,ITU estimate,,,,,,
Lao People's Democratic Republic,2014,14.26,4,ITU estimate,,,,,,
Lebanon,2014,73,4,ITU estimate,,,,,,
Lesotho,2014,22,4,ITU estimate,,,,,,
Liberia,2014,5.41,4,ITU estimate,,,,,,
Libya,2014,17.76,4,ITU estimate,,,,,,
Liechtenstein,2014,95.21,4,ITU estimate,,,,,,
Madagascar,2014,3.7,4,ITU estimate,,,,,,
Malawi,2014,5.83,4,ITU estimate,,,,,,
Maldives,2014,49.28,4,ITU estimate,,,,,,
Mali,2014,7,4,ITU estimate,,,,,,
Marshall Islands,2014,16.8,4,ITU estimate,,,,,,
Mauritania,2014,11.8,4,ITU estimate,,,,,,
Micronesia,2014,29.65,4,ITU estimate,,,,,,
Monaco,2014,92.4,4,ITU estimate,,,,,,
Mozambique,2014,6,4,ITU estimate,,,,,,
Myanmar,2014,7.4,4,ITU estimate,,,,,,
Namibia,2014,14.84,4,ITU estimate,,,,,,
Nepal (Republic of),2014,15.44,4,ITU estimate,,,,,,
New Caledonia,2014,70,4,ITU estimate,,,,,,
New Zealand,2014,84,4,ITU estimate,,,,,,
Nicaragua,2014,17.6,4,ITU estimate,,,,,,
Nigeria,2014,21,4,ITU estimate,,,,,,
Oman,2014,70.22,4,ITU estimate,,,,,,
Pakistan,2014,10,4,ITU estimate,,,,,,
Papua New Guinea,2014,6.5,4,ITU estimate,,,,,,
Philippines,2014,34.7,4,ITU estimate,,,,,,
Qatar,2014,91.49,4,ITU estimate,,,,,,
Rwanda,2014,10.6,4,ITU estimate,,,,,,
Saint Kitts and Nevis,2014,65.4,4,ITU estimate,,,,,,
Saint Lucia,2014,53.2,4,ITU estimate,,,,,,
Samoa,2014,21.2,4,ITU estimate,,,,,,
Sao Tome and Principe,2014,24.41,4,ITU estimate,,,,,,
Seychelles,2014,51.2547,4,ITU estimate,,,,,,
Sierra Leone,2014,6.0573,4,ITU estimate,,,,,,
Solomon Islands,2014,9,4,ITU estimate,,,,,,
Somalia,2014,1.63,4,ITU estimate,,,,,,
South Africa,2014,49,4,ITU estimate,,,,,,
South Sudan,2014,2.6,4,ITU estimate,,,,,,
Suriname,2014,40.08,4,ITU estimate,,,,,,
Syrian Arab Republic,2014,28.09,4,ITU estimate,,,,,,
Tajikistan,2014,17.49,4,ITU estimate,,,,,,
Tanzania,2014,7,4,ITU estimate,,,,,,
Timor-Leste,2014,17.5,4,ITU estimate,,,,,,
Togo,2014,5.7,4,ITU estimate,,,,,,
Tonga,2014,35.9544,4,ITU estimate,,,,,,
Trinidad and Tobago,2014,62.4,4,ITU estimate,,,,,,
Tunisia,2014,46.16,4,ITU estimate,,,,,,
Turkmenistan,2014,12.2,4,ITU estimate,,,,,,
Tuvalu,2014,24.1,4,ITU estimate,,,,,,
Uganda,2014,5.4,4,ITU estimate,,,,,,
United States,2014,73,4,ITU estimate,,,,,,
Uzbekistan,2014,35.5,4,ITU estimate,,,,,,
Vanuatu,2014,18.8,4,ITU estimate,,,,,,
Venezuela,2014,57,4,ITU estimate,,,,,,
Viet Nam,2014,41,4,ITU estimate,,,,,,
Virgin Islands (US),2014,50.07,4,ITU estimate,,,,,,
Yemen,2014,22.55,4,ITU estimate,,,,,,
Zambia,2014,6.5,4,ITU estimate,,,,,,
Switzerland,2014,83.6173,267,"Last 3 months (Omnibus TIC, based on Eurosat ICTSurvey). Break in comparability only in 2014.",,,,,,
Croatia,2014,68.5679,70,Last 3 months.,,,,,,
France,2014,83.7511,70,Last 3 months.,,,,,,
Germany,2014,86.1937,70,Last 3 months.,,,,,,
Hungary,2014,75.6532,70,Last 3 months.,,,,,,
Latvia,2014,75.8261,70,Last 3 months.,,,,,,
Luxembourg,2014,94.6702,70,Last 3 months.,,,,,,
North Macedonia,2014,68.0585,70,Last 3 months.,,,,,,
Norway,2014,96.3005,70,Last 3 months.,,,,,,
United Kingdom,2014,91.6133,70,Last 3 months.,,,,,,
Panama,2014,44.9238,211,last 6 months.,,,,,,
Romania,2014,54.0783,239,Number of individuals internet user in the last 3 months,,,,,,
Colombia,2014,52.5681,74,"Para este período, se hace la pregunta según diferentes frecuencias de uso de computador e Internet de forma excluyente: - Todos los días de la semana - Al menos una vez a la semana, pero no cada día- Al menos una vez al mes, pero no cada semana- Al menos",,,,,,
China,2014,47.9,57,Permanent residents at the age of 6 or above. In the last 6 months. ITU estimate.,,,,,,
Saudi Arabia,2014,64.7137,246,"please not that this number is reflecting the whole pouplition, based on the age range 12-65 years for the study it is 70% of the pouplation",,,,,,
Jordan,2014,46.2,55,Population age 5+.,,,,,,
Georgia,2014,49.1025,117,reference period is the last 12 months,,,,,,
"China, Hong Kong Special Administrative Region",2014,79.8663,64,Reference period: last 12 months,,,,,,
Senegal,2014,17.7,248,Refers to total population. ITU estimate.,,,,,,
Israel,2014,75.0178,146,"starting from 2014, the ISS asks about internet usage via a computer, or a mobile cellular phone",,,,,,
Japan,2014,89.1068,151,Used in the last 12 months - includes all holders of mobile phones,,,,,,
Spain,2014,76.1867,259,Users of Internet in the last 3 months.,,,,,,
Angola,2014,21.3623,,#N/A,,,,,,
Armenia,2014,54.6228,,#N/A,,,,,,
Austria,2014,80.9958,,#N/A,,,,,,
Azerbaijan,2014,75,,#N/A,,,,,,
Bahrain,2014,90.5031,,#N/A,,,,,,
Belgium,2014,85.0012,,#N/A,,,,,,
Bolivia (Plurinational State of),2014,34.6016,,#N/A,,,,,,
Botswana,2014,36.7447,,#N/A,,,,,,
Brazil,2014,54.551,,#N/A,,,,,,
Bulgaria,2014,55.4904,,#N/A,,,,,,
Burkina Faso,2014,6,,#N/A,,,,,,
Cameroon,2014,16.2149,,#N/A,,,,,,
"China, Macao Special Administrative Region",2014,69.7809,,#N/A,,,,,,
Cuba,2014,29.0702,,#N/A,,,,,,
Cyprus,2014,69.3287,,#N/A,,,,,,
Czech Republic,2014,74.2317,,#N/A,,,,,,
Denmark,2014,95.9935,,#N/A,,,,,,
Dominica,2014,57.5,,#N/A,,,,,,
Egypt,2014,33.8946,,#N/A,,,,,,
El Salvador,2014,24.7617,,#N/A,,,,,,
Estonia,2014,84.2415,,#N/A,,,,,,
Finland,2014,86.5304,,#N/A,,,,,,
Greece,2014,63.2073,,#N/A,,,,,,
Grenada,2014,51.6,,#N/A,,,,,,
Honduras,2014,23,,#N/A,,,,,,
Iceland,2014,98.158,,#N/A,,,,,,
Indonesia,2014,17.1432,,#N/A,,,,,,
Iraq,2014,11.6453,,#N/A,,,,,,
Italy,2014,55.6385,,#N/A,,,,,,
Jamaica,2014,40.4027,,#N/A,,,,,,
Korea (Republic  of),2014,87.5568,,#N/A,,,,,,
Lithuania,2014,72.1335,,#N/A,,,,,,
Mauritius,2014,44.8033,,#N/A,,,,,,
Mexico,2014,44.3857,,#N/A,,,,,,
Moldova,2014,67,,#N/A,,,,,,
Mongolia,2014,19.9424,,#N/A,,,,,,
Montenegro,2014,63.8869,,#N/A,,,,,,
Morocco,2014,56.7746,,#N/A,,,,,,
Netherlands (Kingdom of the),2014,91.6667,,#N/A,,,,,,
Niger,2014,1.24868,,#N/A,,,,,,
Paraguay,2014,43.0074,,#N/A,,,,,,
Peru,2014,40.2447,,#N/A,,,,,,
Poland,2014,66.5987,,#N/A,,,,,,
Portugal,2014,64.5924,,#N/A,,,,,,
Saint Vincent and the Grenadines,2014,47.4,,#N/A,,,,,,
Serbia,2014,62.0751,,#N/A,,,,,,
Singapore,2014,79.0292,,#N/A,,,,,,
Slovakia,2014,79.9843,,#N/A,,,,,,
Slovenia,2014,71.5863,,#N/A,,,,,,
Sri Lanka,2014,10.5,,#N/A,,,,,,
State of Palestine,2014,53.6652,,#N/A,,,,,,
Sweden,2014,92.5236,,#N/A,,,,,,
Thailand,2014,34.8861,,#N/A,,,,,,
Ukraine,2014,46.236,,#N/A,,,,,,
United Arab Emirates,2014,90.4,,#N/A,,,,,,
Uruguay,2014,61.4625,,#N/A,,,,,,
Mongolia,2013,17.7,191,All population,,,,,,
Ukraine,2013,40.9541,191,All population,,,,,,
Armenia,2013,41.9,10,All population.,,,,,,
Cambodia,2013,6,49,Based on Cambodia's Inter-censal Population Survey 2013 and growth of mobile broadband. ITU estimate.,,,,,,
Costa Rica,2013,45.96,79,Break in comparability. Total population. In the last three months.,,,,,,
Ecuador,2013,40.2791,99,Direct respondent as of 15.,,,,,,
Oman,2013,66.45,206,Excluding population living in workers’ camps.,,,,,,
Georgia,2013,43.3,38,In the last 12 months.,,,,,,
Türkiye,2013,46.25,38,In the last 12 months.,,,,,,
El Salvador,2013,23.1093,103,In the last 12 months. Individuals aged 10 and above.,,,,,,
Bolivia (Plurinational State of),2013,36.99,37,In the last 3 months.,,,,,,
Switzerland,2013,86.34,268,In the last 6 months. Population age 14+.,,,,,,
Cuba,2013,27.93,82,Incl. users of the international network and also those having access only to the Cuban network.,,,,,,
Afghanistan,2013,5.9,4,ITU estimate,,,,,,
Albania,2013,51.8,4,ITU estimate,,,,,,
Algeria,2013,22.5,4,ITU estimate,,,,,,
Andorra,2013,84.4,4,ITU estimate,,,,,,
Angola,2013,13,4,ITU estimate,,,,,,
Anguilla,2013,64.8,4,ITU estimate,,,,,,
Antigua and Barbuda,2013,63.4,4,ITU estimate,,,,,,
Argentina,2013,59.9,4,ITU estimate,,,,,,
Aruba,2013,78.9,4,ITU estimate,,,,,,
Bahamas,2013,72,4,ITU estimate,,,,,,
Barbados,2013,71.8,4,ITU estimate,,,,,,
Belize,2013,33.6,4,ITU estimate,,,,,,
Benin,2013,4.9,4,ITU estimate,,,,,,
Bermuda,2013,95.3,4,ITU estimate,,,,,,
Bhutan,2013,22.4,4,ITU estimate,,,,,,
Bosnia and Herzegovina,2013,48.5213,4,ITU estimate,,,,,,
Botswana,2013,30,4,ITU estimate,,,,,,
Brunei Darussalam,2013,64.5,4,ITU estimate,,,,,,
Burkina Faso,2013,5,4,ITU estimate,,,,,,
Cabo Verde,2013,37.5,4,ITU estimate,,,,,,
Cameroon,2013,10,4,ITU estimate,,,,,,
Canada,2013,85.8,4,ITU estimate,,,,,,
Cayman Islands,2013,71.4,4,ITU estimate,,,,,,
Central African Republic,2013,2.5,4,ITU estimate,,,,,,
Chad,2013,2.5,4,ITU estimate,,,,,,
Comoros,2013,6.5,4,ITU estimate,,,,,,
Congo (Republic of the),2013,6.6,4,ITU estimate,,,,,,
Cook Islands,2013,45,4,ITU estimate,,,,,,
Côte d'Ivoire,2013,6.6,4,ITU estimate,,,,,,
Democratic Republic of the Congo,2013,2.2,4,ITU estimate,,,,,,
Djibouti,2013,12.7,4,ITU estimate,,,,,,
Dominica,2013,51,4,ITU estimate,,,,,,
Equatorial Guinea,2013,16.4,4,ITU estimate,,,,,,
Eritrea,2013,0.9,4,ITU estimate,,,,,,
Eswatini,2013,24.7,4,ITU estimate,,,,,,
Ethiopia,2013,4.6,4,ITU estimate,,,,,,
Falkland (Malvinas) Islands,2013,96.9,4,ITU estimate,,,,,,
Faroe Islands,2013,90,4,ITU estimate,,,,,,
Fiji,2013,35.2,4,ITU estimate,,,,,,
French Polynesia,2013,56.8,4,ITU estimate,,,,,,
Gabon,2013,30.538,4,ITU estimate,,,,,,
Gambia,2013,14,4,ITU estimate,,,,,,
Ghana,2013,15,4,ITU estimate,,,,,,
Greenland,2013,65.8,4,ITU estimate,,,,,,
Grenada,2013,35,4,ITU estimate,,,,,,
Guam,2013,65.4,4,ITU estimate,,,,,,
Guatemala,2013,19.7,4,ITU estimate,,,,,,
Guinea,2013,4.5,4,ITU estimate,,,,,,
Guinea-Bissau,2013,3.1,4,ITU estimate,,,,,,
Guyana,2013,31,4,ITU estimate,,,,,,
Haiti,2013,10.6,4,ITU estimate,,,,,,
India,2013,12.3,4,ITU estimate,,,,,,
Iraq,2013,9.2,4,ITU estimate,,,,,,
Kenya,2013,13,4,ITU estimate,,,,,,
Kiribati,2013,11.5,4,ITU estimate,,,,,,
Kuwait,2013,75.46,4,ITU estimate,,,,,,
Kyrgyzstan,2013,23,4,ITU estimate,,,,,,
Lao People's Democratic Republic,2013,12.5,4,ITU estimate,,,,,,
Lebanon,2013,70.5,4,ITU estimate,,,,,,
Lesotho,2013,15,4,ITU estimate,,,,,,
Liberia,2013,3.2,4,ITU estimate,,,,,,
Libya,2013,16.5,4,ITU estimate,,,,,,
Liechtenstein,2013,93.8,4,ITU estimate,,,,,,
Madagascar,2013,3,4,ITU estimate,,,,,,
Malawi,2013,5.05,4,ITU estimate,,,,,,
Maldives,2013,44.1,4,ITU estimate,,,,,,
Mali,2013,3.5,4,ITU estimate,,,,,,
Marshall Islands,2013,14,4,ITU estimate,,,,,,
Mauritania,2013,6.2,4,ITU estimate,,,,,,
Micronesia,2013,27.8,4,ITU estimate,,,,,,
Moldova,2013,37.44,4,ITU estimate,,,,,,
Monaco,2013,90.7,4,ITU estimate,,,,,,
Mozambique,2013,5.5,4,ITU estimate,,,,,,
Myanmar,2013,1.8,4,ITU estimate,,,,,,
Namibia,2013,13.9,4,ITU estimate,,,,,,
Nepal (Republic of),2013,13.3,4,ITU estimate,,,,,,
New Caledonia,2013,66,4,ITU estimate,,,,,,
New Zealand,2013,82.78,4,ITU estimate,,,,,,
Nicaragua,2013,15.5,4,ITU estimate,,,,,,
Niger,2013,1.15,4,ITU estimate,,,,,,
Nigeria,2013,19.1,4,ITU estimate,,,,,,
Pakistan,2013,9,4,ITU estimate,,,,,,
Papua New Guinea,2013,5.1,4,ITU estimate,,,,,,
Philippines,2013,32.7,4,ITU estimate,,,,,,
Rwanda,2013,9,4,ITU estimate,,,,,,
Saint Kitts and Nevis,2013,64.6,4,ITU estimate,,,,,,
Saint Lucia,2013,49.4,4,ITU estimate,,,,,,
Saint Vincent and the Grenadines,2013,43.5,4,ITU estimate,,,,,,
Samoa,2013,15.3,4,ITU estimate,,,,,,
Sao Tome and Principe,2013,23,4,ITU estimate,,,,,,
Saudi Arabia,2013,60.5,4,ITU estimate,,,,,,
Seychelles,2013,50.4,4,ITU estimate,,,,,,
Sierra Leone,2013,4,4,ITU estimate,,,,,,
Solomon Islands,2013,8,4,ITU estimate,,,,,,
Somalia,2013,1.5,4,ITU estimate,,,,,,
South Africa,2013,46.5,4,ITU estimate,,,,,,
South Sudan,2013,2.2,4,ITU estimate,,,,,,
Suriname,2013,37.4,4,ITU estimate,,,,,,
Syrian Arab Republic,2013,26.2,4,ITU estimate,,,,,,
Tajikistan,2013,16,4,ITU estimate,,,,,,
Tanzania,2013,4.4,4,ITU estimate,,,,,,
Timor-Leste,2013,11,4,ITU estimate,,,,,,
Togo,2013,4.5,4,ITU estimate,,,,,,
Tonga,2013,32.754,4,ITU estimate,,,,,,
Trinidad and Tobago,2013,59.9,4,ITU estimate,,,,,,
Tunisia,2013,43.8,4,ITU estimate,,,,,,
Turkmenistan,2013,9.6,4,ITU estimate,,,,,,
Tuvalu,2013,21.2,4,ITU estimate,,,,,,
Uganda,2013,5.1,4,ITU estimate,,,,,,
United Arab Emirates,2013,88,4,ITU estimate,,,,,,
Uzbekistan,2013,26.8,4,ITU estimate,,,,,,
Vanuatu,2013,11.3,4,ITU estimate,,,,,,
Venezuela,2013,54.9,4,ITU estimate,,,,,,
Viet Nam,2013,38.5,4,ITU estimate,,,,,,
Virgin Islands (US),2013,45.3,4,ITU estimate,,,,,,
Yemen,2013,20,4,ITU estimate,,,,,,
Zimbabwe,2013,15.5,4,ITU estimate,,,,,,
Bangladesh,2013,6.63,28,Labour Force Survey 2013,,,,,,
China,2013,45.8,58,Permanent residents at the age of 6 or above. In the last 6 months.,,,,,,
Panama,2013,44.03,66,Population age 10+.,,,,,,
North Macedonia,2013,65.24,203,Population age 16-74 using in the last 3 months.,,,,,,
Bulgaria,2013,53.0615,44,Population age 16-74.,,,,,,
Estonia,2013,80.0043,44,Population age 16-74.,,,,,,
Finland,2013,91.5144,44,Population age 16-74.,,,,,,
France,2013,81.9198,44,Population age 16-74.,,,,,,
Germany,2013,84.17,44,Population age 16-74.,,,,,,
Greece,2013,59.8663,44,Population age 16-74.,,,,,,
Hungary,2013,72.6439,44,Population age 16-74.,,,,,,
Iceland,2013,96.5468,44,Population age 16-74.,,,,,,
Ireland,2013,78.2477,44,Population age 16-74.,,,,,,
Italy,2013,58.4593,44,Population age 16-74.,,,,,,
Latvia,2013,75.2344,44,Population age 16-74.,,,,,,
Lithuania,2013,68.4529,44,Population age 16-74.,,,,,,
Luxembourg,2013,93.7765,44,Population age 16-74.,,,,,,
Malta,2013,68.9138,44,Population age 16-74.,,,,,,
Montenegro,2013,60.31,44,Population age 16-74.,,,,,,
Netherlands (Kingdom of the),2013,93.9564,44,Population age 16-74.,,,,,,
Norway,2013,95.0534,44,Population age 16-74.,,,,,,
Poland,2013,62.8492,44,Population age 16-74.,,,,,,
Portugal,2013,62.0956,44,Population age 16-74.,,,,,,
Romania,2013,49.7645,44,Population age 16-74.,,,,,,
Slovakia,2013,77.8826,44,Population age 16-74.,,,,,,
Slovenia,2013,72.6756,44,Population age 16-74.,,,,,,
Spain,2013,71.635,44,Population age 16-74.,,,,,,
Sweden,2013,94.7836,44,Population age 16-74.,,,,,,
United Kingdom,2013,89.8441,44,Population age 16-74.,,,,,,
Puerto Rico,2013,69,115,Population age 18+.,,,,,,
United States,2013,71.4,157,Population age 3+.,,,,,,
Chile,2013,58,55,Population age 5+.,,,,,,
Jordan,2013,41.4,55,Population age 5+.,,,,,,
Mauritius,2013,40.1168,55,Population age 5+.,,,,,,
Azerbaijan,2013,73,17,Population age 7+.,,,,,,
Morocco,2013,56,193,Population aged 5 to 75 using Internet in the last 12 months.,,,,,,
Qatar,2013,85.3,234,Preliminary. Refers to overall population.,,,,,,
Senegal,2013,13.1,248,Refers to total population. ITU estimate.,,,,,,
Australia,2013,83.4535,,#N/A,,,,,,
Austria,2013,80.6188,,#N/A,,,,,,
Bahrain,2013,90,,#N/A,,,,,,
Belarus,2013,54.17,,#N/A,,,,,,
Belgium,2013,82.1702,,#N/A,,,,,,
Brazil,2013,51.04,,#N/A,,,,,,
Burundi,2013,1.26422,,#N/A,,,,,,
"China, Hong Kong Special Administrative Region",2013,74.2,,#N/A,,,,,,
"China, Macao Special Administrative Region",2013,65.8,,#N/A,,,,,,
Colombia,2013,51.7,,#N/A,,,,,,
Croatia,2013,66.7476,,#N/A,,,,,,
Cyprus,2013,65.4548,,#N/A,,,,,,
Czech Republic,2013,74.1104,,#N/A,,,,,,
Denmark,2013,94.6297,,#N/A,,,,,,
Dominican Republic,2013,45.9,,#N/A,,,,,,
Egypt,2013,29.4,,#N/A,,,,,,
Honduras,2013,17.8,,#N/A,,,,,,
Indonesia,2013,14.94,,#N/A,,,,,,
Iran (Islamic Republic of),2013,29.95,,#N/A,,,,,,
Israel,2013,70.2503,,#N/A,,,,,,
Jamaica,2013,37.1,,#N/A,,,,,,
Japan,2013,88.2194,,#N/A,,,,,,
Kazakhstan,2013,63.3042,,#N/A,,,,,,
Korea (Republic  of),2013,84.77,,#N/A,,,,,,
Malaysia,2013,57.0575,,#N/A,,,,,,
Mexico,2013,43.46,,#N/A,,,,,,
Paraguay,2013,36.9,,#N/A,,,,,,
Peru,2013,39.2,,#N/A,,,,,,
Russian Federation,2013,67.97,,#N/A,,,,,,
Serbia,2013,53.4504,,#N/A,,,,,,
Singapore,2013,80.9021,,#N/A,,,,,,
State of Palestine,2013,46.6,,#N/A,,,,,,
Thailand,2013,28.94,,#N/A,,,,,,
Uruguay,2013,57.69,,#N/A,,,,,,
Zambia,2013,4.8,,#N/A,,,,,,
Saint Lucia,2012,45.865,244,15 years and older. Last 12 months.,,,,,,
Bahrain,2012,88,26,Estimated based on  2011 Residential consumer survey result and TRA analysis of the growth,,,,,,
Mongolia,2012,16.4,192,from Household Socio-Economic survey-2012,,,,,,
Ghana,2012,10.6,118,Ghana Living Standards Survey 2012/2013. The estimate is based on weighting households who use internet by the household size over the total estimated population. Sample weights have also been applied. The question was asked at household level.,,,,,,
Bolivia (Plurinational State of),2012,35.34,38,In the last 12 months.,,,,,,
Türkiye,2012,45.13,38,In the last 12 months.,,,,,,
Costa Rica,2012,47.5,37,In the last 3 months.,,,,,,
Switzerland,2012,85.2,268,In the last 6 months. Population age 14+.,,,,,,
Afghanistan,2012,5.45455,4,ITU estimate,,,,,,
Albania,2012,49.4,4,ITU estimate,,,,,,
Algeria,2012,18.2,4,ITU estimate,,,,,,
Andorra,2012,82.7,4,ITU estimate,,,,,,
Angola,2012,7.7,4,ITU estimate,,,,,,
Anguilla,2012,59.215,4,ITU estimate,,,,,,
Antigua and Barbuda,2012,58,4,ITU estimate,,,,,,
Argentina,2012,55.8,4,ITU estimate,,,,,,
Armenia,2012,37.5,4,ITU estimate,,,,,,
Aruba,2012,74,4,ITU estimate,,,,,,
Azerbaijan,2012,54.2,4,ITU estimate,,,,,,
Bahamas,2012,71.7482,4,ITU estimate,,,,,,
Bangladesh,2012,5,4,ITU estimate,,,,,,
Barbados,2012,71.2,4,ITU estimate,,,,,,
Belize,2012,31,4,ITU estimate,,,,,,
Benin,2012,4.5,4,ITU estimate,,,,,,
Bermuda,2012,91.2993,4,ITU estimate,,,,,,
Bhutan,2012,15.6,4,ITU estimate,,,,,,
Bosnia and Herzegovina,2012,45.0645,4,ITU estimate,,,,,,
Botswana,2012,16,4,ITU estimate,,,,,,
Brunei Darussalam,2012,60.2731,4,ITU estimate,,,,,,
Burkina Faso,2012,3.72503,4,ITU estimate,,,,,,
Burundi,2012,1.22,4,ITU estimate,,,,,,
Cameroon,2012,7.5,4,ITU estimate,,,,,,
Cayman Islands,2012,69.7,4,ITU estimate,,,,,,
Central African Republic,2012,2.4,4,ITU estimate,,,,,,
Chad,2012,2.1,4,ITU estimate,,,,,,
China,2012,42.3001,4,ITU estimate,,,,,,
Comoros,2012,5.9753,4,ITU estimate,,,,,,
Congo (Republic of the),2012,6.1067,4,ITU estimate,,,,,,
Cook Islands,2012,42,4,ITU estimate,,,,,,
Côte d'Ivoire,2012,4.4,4,ITU estimate,,,,,,
Cuba,2012,21.2,4,ITU estimate,,,,,,
Democratic People's Republic of Korea,2012,0,4,ITU estimate,,,,,,
Democratic Republic of the Congo,2012,1.67996,4,ITU estimate,,,,,,
Djibouti,2012,9.4,4,ITU estimate,,,,,,
Dominica,2012,49.8,4,ITU estimate,,,,,,
Equatorial Guinea,2012,13.9432,4,ITU estimate,,,,,,
Eritrea,2012,0.8,4,ITU estimate,,,,,,
Eswatini,2012,20.7818,4,ITU estimate,,,,,,
Ethiopia,2012,2.9,4,ITU estimate,,,,,,
Falkland (Malvinas) Islands,2012,96.923,4,ITU estimate,,,,,,
Faroe Islands,2012,85.3352,4,ITU estimate,,,,,,
Fiji,2012,33.7424,4,ITU estimate,,,,,,
French Polynesia,2012,52.8766,4,ITU estimate,,,,,,
Gabon,2012,24,4,ITU estimate,,,,,,
Gambia,2012,12.4492,4,ITU estimate,,,,,,
Georgia,2012,36.94,4,ITU estimate,,,,,,
Gibraltar,2012,65.017,4,ITU estimate,,,,,,
Greenland,2012,64.896,4,ITU estimate,,,,,,
Grenada,2012,32,4,ITU estimate,,,,,,
Guam,2012,61.5342,4,ITU estimate,,,,,,
Guatemala,2012,16,4,ITU estimate,,,,,,
Guinea,2012,3.1,4,ITU estimate,,,,,,
Guinea-Bissau,2012,2.89399,4,ITU estimate,,,,,,
Guyana,2012,30.5,4,ITU estimate,,,,,,
Haiti,2012,9.8,4,ITU estimate,,,,,,
India,2012,11.1,4,ITU estimate,,,,,,
Iraq,2012,7.1,4,ITU estimate,,,,,,
Kenya,2012,10.5,4,ITU estimate,,,,,,
Kiribati,2012,10.7468,4,ITU estimate,,,,,,
Kuwait,2012,70.45,4,ITU estimate,,,,,,
Kyrgyzstan,2012,19.8,4,ITU estimate,,,,,,
Lao People's Democratic Republic,2012,10.7477,4,ITU estimate,,,,,,
Lebanon,2012,61.2498,4,ITU estimate,,,,,,
Lesotho,2012,10,4,ITU estimate,,,,,,
Liberia,2012,2.6,4,ITU estimate,,,,,,
Liechtenstein,2012,89.4077,4,ITU estimate,,,,,,
Madagascar,2012,2.3,4,ITU estimate,,,,,,
Malawi,2012,4.3506,4,ITU estimate,,,,,,
Maldives,2012,38.9301,4,ITU estimate,,,,,,
Mali,2012,2.8,4,ITU estimate,,,,,,
Marshall Islands,2012,12.5,4,ITU estimate,,,,,,
Mauritania,2012,5,4,ITU estimate,,,,,,
Micronesia,2012,25.9744,4,ITU estimate,,,,,,
Moldova,2012,34.65,4,ITU estimate,,,,,,
Monaco,2012,87,4,ITU estimate,,,,,,
Mozambique,2012,5,4,ITU estimate,,,,,,
Myanmar,2012,1.4,4,ITU estimate,,,,,,
Namibia,2012,12.9414,4,ITU estimate,,,,,,
Nepal (Republic of),2012,11.1493,4,ITU estimate,,,,,,
New Caledonia,2012,58,4,ITU estimate,,,,,,
Nicaragua,2012,13.5,4,ITU estimate,,,,,,
Niger,2012,1.05,4,ITU estimate,,,,,,
Nigeria,2012,16.1,4,ITU estimate,,,,,,
Oman,2012,60,4,ITU estimate,,,,,,
Pakistan,2012,8.1,4,ITU estimate,,,,,,
Papua New Guinea,2012,3.5,4,ITU estimate,,,,,,
Philippines,2012,30.8,4,ITU estimate,,,,,,
Rwanda,2012,8.02385,4,ITU estimate,,,,,,
Saint Kitts and Nevis,2012,64,4,ITU estimate,,,,,,
Saint Vincent and the Grenadines,2012,40,4,ITU estimate,,,,,,
Samoa,2012,12.9225,4,ITU estimate,,,,,,
Sao Tome and Principe,2012,21.5724,4,ITU estimate,,,,,,
Saudi Arabia,2012,54,4,ITU estimate,,,,,,
Serbia,2012,48.1,4,ITU estimate,,,,,,
Seychelles,2012,47.076,4,ITU estimate,,,,,,
Sierra Leone,2012,2.5,4,ITU estimate,,,,,,
Solomon Islands,2012,6.9974,4,ITU estimate,,,,,,
Somalia,2012,1.3767,4,ITU estimate,,,,,,
South Africa,2012,41,4,ITU estimate,,,,,,
St. Helena,2012,37.6,4,ITU estimate,,,,,,
Suriname,2012,34.6812,4,ITU estimate,,,,,,
Syrian Arab Republic,2012,24.3001,4,ITU estimate,,,,,,
Tajikistan,2012,14.51,4,ITU estimate,,,,,,
Tanzania,2012,3.95,4,ITU estimate,,,,,,
Timor-Leste,2012,7,4,ITU estimate,,,,,,
Togo,2012,4,4,ITU estimate,,,,,,
Tonga,2012,30,4,ITU estimate,,,,,,
Trinidad and Tobago,2012,57.5,4,ITU estimate,,,,,,
Tunisia,2012,41.4416,4,ITU estimate,,,,,,
Turkmenistan,2012,7.1958,4,ITU estimate,,,,,,
Tuvalu,2012,18.7,4,ITU estimate,,,,,,
Uganda,2012,4.8,4,ITU estimate,,,,,,
Uzbekistan,2012,23.6,4,ITU estimate,,,,,,
Vanuatu,2012,10.598,4,ITU estimate,,,,,,
Viet Nam,2012,36.8,4,ITU estimate,,,,,,
Virgin Islands (US),2012,40.5479,4,ITU estimate,,,,,,
Wallis and Futuna,2012,8.95,4,ITU estimate,,,,,,
Yemen,2012,17.4465,4,ITU estimate,,,,,,
Zambia,2012,4.1,4,ITU estimate,,,,,,
Zimbabwe,2012,12,4,ITU estimate,,,,,,
Panama,2012,40.3019,212,last 6 months. Population age 10+.,,,,,,
Qatar,2012,69.3,235,Overall population.,,,,,,
United Arab Emirates,2012,85,283,Population age 15-74 in the last 3 months.,,,,,,
North Macedonia,2012,57.4499,203,Population age 16-74 using in the last 3 months.,,,,,,
Russian Federation,2012,66,241,Population age 18-74,,,,,,
United States,2012,74.7,157,Population age 3+.,,,,,,
Jordan,2012,37,55,Population age 5+.,,,,,,
Egypt,2012,26.4,102,Population age 6+.,,,,,,
Iran (Islamic Republic of),2012,22.73,102,Population age 6+.,,,,,,
Morocco,2012,55.4161,194,Population aged 6 to 74 using Internet in the last 12 months.,,,,,,
New Zealand,2012,81.6445,201,Recent users are those who used the Internet in the last 12 months. Individuals age 15+.,,,,,,
Malaysia,2012,65.8,139,Refers to total population.,,,,,,
Senegal,2012,10.8,248,Refers to total population. ITU estimate.,,,,,,
Canada,2012,83,50,"Residents of Canada 16 years of age or older excluding: Residents of the Yukon, Northwest Territories and Nunavut, Inmates of Institutions, Persons living on Indian Reserves, and Full time members of the Canadian Forces.",,,,,,
Singapore,2012,72,254,Residents.,,,,,,
Puerto Rico,2012,69,229,Source: Connect Puerto Rico. 2012 Connect Puerto Rico Residential Technology Assessment. www.connectpr.org,,,,,,
Belgium,2012,80.72,34,Users in the last 3 months.,,,,,,
Bulgaria,2012,51.9,34,Users in the last 3 months.,,,,,,
Cyprus,2012,60.6899,34,Users in the last 3 months.,,,,,,
Czech Republic,2012,73.43,34,Users in the last 3 months.,,,,,,
Denmark,2012,92.26,34,Users in the last 3 months.,,,,,,
Estonia,2012,78.3899,34,Users in the last 3 months.,,,,,,
Finland,2012,89.88,34,Users in the last 3 months.,,,,,,
France,2012,81.44,34,Users in the last 3 months.,,,,,,
Germany,2012,82.35,34,Users in the last 3 months.,,,,,,
Greece,2012,55.07,34,Users in the last 3 months.,,,,,,
Hungary,2012,70.58,34,Users in the last 3 months.,,,,,,
Iceland,2012,96.2098,34,Users in the last 3 months.,,,,,,
Ireland,2012,76.92,34,Users in the last 3 months.,,,,,,
Italy,2012,55.83,34,Users in the last 3 months.,,,,,,
Latvia,2012,73.1199,34,Users in the last 3 months.,,,,,,
Lithuania,2012,67.23,34,Users in the last 3 months.,,,,,,
Luxembourg,2012,91.9499,34,Users in the last 3 months.,,,,,,
Malta,2012,68.1999,34,Users in the last 3 months.,,,,,,
Netherlands (Kingdom of the),2012,92.86,34,Users in the last 3 months.,,,,,,
Norway,2012,94.65,34,Users in the last 3 months.,,,,,,
Poland,2012,62.31,34,Users in the last 3 months.,,,,,,
Portugal,2012,60.34,34,Users in the last 3 months.,,,,,,
Romania,2012,45.88,34,Users in the last 3 months.,,,,,,
Slovakia,2012,76.71,34,Users in the last 3 months.,,,,,,
Slovenia,2012,68.35,34,Users in the last 3 months.,,,,,,
Spain,2012,69.81,34,Users in the last 3 months.,,,,,,
Sweden,2012,93.18,34,Users in the last 3 months.,,,,,,
United Kingdom,2012,87.48,34,Users in the last 3 months.,,,,,,
Ascension,2012,41.03,,#N/A,,,,,,
Australia,2012,79,,#N/A,,,,,,
Austria,2012,80.03,,#N/A,,,,,,
Belarus,2012,46.91,,#N/A,,,,,,
Brazil,2012,48.56,,#N/A,,,,,,
British Virgin Islands,2012,37.6,,#N/A,,,,,,
Cabo Verde,2012,34.74,,#N/A,,,,,,
Cambodia,2012,4.94,,#N/A,,,,,,
Chile,2012,55.05,,#N/A,,,,,,
"China, Hong Kong Special Administrative Region",2012,72.9,,#N/A,,,,,,
"China, Macao Special Administrative Region",2012,61.31,,#N/A,,,,,,
Colombia,2012,48.98,,#N/A,,,,,,
Croatia,2012,61.94,,#N/A,,,,,,
Dominican Republic,2012,42.32,,#N/A,,,,,,
Ecuador,2012,35.1351,,#N/A,,,,,,
El Salvador,2012,20.3214,,#N/A,,,,,,
Honduras,2012,18.12,,#N/A,,,,,,
Indonesia,2012,14.52,,#N/A,,,,,,
Israel,2012,70.8,,#N/A,,,,,,
Jamaica,2012,33.79,,#N/A,,,,,,
Japan,2012,79.4964,,#N/A,,,,,,
Jersey,2012,41.03,,#N/A,,,,,,
Kazakhstan,2012,61.9066,,#N/A,,,,,,
Korea (Republic  of),2012,84.07,,#N/A,,,,,,
Libya,2012,15.2,,#N/A,,,,,,
Mauritius,2012,35.42,,#N/A,,,,,,
Mexico,2012,39.75,,#N/A,,,,,,
Montenegro,2012,56.8388,,#N/A,,,,,,
Paraguay,2012,29.34,,#N/A,,,,,,
Peru,2012,38.2,,#N/A,,,,,,
State of Palestine,2012,43.4,,#N/A,,,,,,
Thailand,2012,26.46,,#N/A,,,,,,
Ukraine,2012,35.27,,#N/A,,,,,,
Uruguay,2012,54.4538,,#N/A,,,,,,
Venezuela,2012,49.0501,,#N/A,,,,,,
United Arab Emirates,2011,78,284,Break in comparability. Population age 15-74 in the last 3 months (exc. population living in working camps).,,,,,,
Antigua and Barbuda,2011,52,7,Census.,,,,,,
Spain,2011,67.09,260,CMT's survey. Population age 10+.,,,,,,
Nepal (Republic of),2011,9,137,December.,,,,,,
India,2011,10.07,135,Estimate based on market research reports indicating 121 million Internet users by 12/2011. India has 20.99  million Internet connections (incl. broad- and narrowband subscript. excl. mobile phone subscript. with data capabilities) in 09/2011.,,,,,,
Congo (Republic of the),2011,5.6,76,Estimate based on the number of fixed and mobile broadband subscriptions.,,,,,,
Liechtenstein,2011,85,43,Estimate.,,,,,,
Syrian Arab Republic,2011,22.5,43,Estimate.,,,,,,
Argentina,2011,51,9,Estimated based on survey results for urban population.,,,,,,
Honduras,2011,15.9,129,Estimated based on Survey's results. Population age 5+.,,,,,,
Bahrain,2011,77,27,Estimated based on TRA 2011 Residential consumer survey,,,,,,
Thailand,2011,23.6699,271,Excluding game machine and digital TV.,,,,,,
Türkiye,2011,43.0657,38,In the last 12 months.,,,,,,
Switzerland,2011,85.193,269,In the last 6 months.,,,,,,
Cuba,2011,16.0173,82,Incl. users of the international network and also those having access only to the Cuban network.,,,,,,
Afghanistan,2011,5,4,ITU estimate,,,,,,
Albania,2011,47,4,ITU estimate,,,,,,
Algeria,2011,14.9,4,ITU estimate,,,,,,
Angola,2011,4.7,4,ITU estimate,,,,,,
Anguilla,2011,53.64,4,ITU estimate,,,,,,
Armenia,2011,32,4,ITU estimate,,,,,,
Aruba,2011,69,4,ITU estimate,,,,,,
Azerbaijan,2011,50,4,ITU estimate,,,,,,
Bangladesh,2011,4.5,4,ITU estimate,,,,,,
Barbados,2011,66.5,4,ITU estimate,,,,,,
Belize,2011,30.7,4,ITU estimate,,,,,,
Bermuda,2011,88.336,4,ITU estimate,,,,,,
Bolivia (Plurinational State of),2011,30,4,ITU estimate,,,,,,
Bosnia and Herzegovina,2011,43.8877,4,ITU estimate,,,,,,
Brunei Darussalam,2011,56,4,ITU estimate,,,,,,
Burkina Faso,2011,3,4,ITU estimate,,,,,,
Burundi,2011,1.11,4,ITU estimate,,,,,,
Cabo Verde,2011,32,4,ITU estimate,,,,,,
Cambodia,2011,3.1,4,ITU estimate,,,,,,
Cameroon,2011,5,4,ITU estimate,,,,,,
Canada,2011,83,4,ITU estimate,,,,,,
Cayman Islands,2011,69.4659,4,ITU estimate,,,,,,
Central African Republic,2011,2.2,4,ITU estimate,,,,,,
Chad,2011,1.9,4,ITU estimate,,,,,,
Comoros,2011,5.5,4,ITU estimate,,,,,,
Côte d'Ivoire,2011,2.9,4,ITU estimate,,,,,,
Democratic People's Republic of Korea,2011,0,4,ITU estimate,,,,,,
Democratic Republic of the Congo,2011,1.2,4,ITU estimate,,,,,,
Djibouti,2011,7,4,ITU estimate,,,,,,
Dominica,2011,48.6,4,ITU estimate,,,,,,
El Salvador,2011,18.9,4,ITU estimate,,,,,,
Equatorial Guinea,2011,11.5,4,ITU estimate,,,,,,
Eritrea,2011,0.7,4,ITU estimate,,,,,,
Ethiopia,2011,1.1,4,ITU estimate,,,,,,
Faroe Islands,2011,80.7322,4,ITU estimate,,,,,,
Fiji,2011,28,4,ITU estimate,,,,,,
French Polynesia,2011,49,4,ITU estimate,,,,,,
Gabon,2011,18,4,ITU estimate,,,,,,
Gambia,2011,10.8703,4,ITU estimate,,,,,,
Georgia,2011,31.52,4,ITU estimate,,,,,,
Ghana,2011,9,4,ITU estimate,,,,,,
Grenada,2011,30,4,ITU estimate,,,,,,
Guam,2011,57.7,4,ITU estimate,,,,,,
Guatemala,2011,12.3,4,ITU estimate,,,,,,
Guinea,2011,2,4,ITU estimate,,,,,,
Guinea-Bissau,2011,2.672,4,ITU estimate,,,,,,
Guyana,2011,30,4,ITU estimate,,,,,,
Haiti,2011,9,4,ITU estimate,,,,,,
Iran (Islamic Republic of),2011,19,4,ITU estimate,,,,,,
Iraq,2011,5,4,ITU estimate,,,,,,
Kenya,2011,8.8,4,ITU estimate,,,,,,
Kyrgyzstan,2011,17.5,4,ITU estimate,,,,,,
Lesotho,2011,7,4,ITU estimate,,,,,,
Liberia,2011,2.5,4,ITU estimate,,,,,,
Libya,2011,14,4,ITU estimate,,,,,,
Madagascar,2011,1.9,4,ITU estimate,,,,,,
Maldives,2011,34,4,ITU estimate,,,,,,
Marshall Islands,2011,10,4,ITU estimate,,,,,,
Mauritania,2011,4.5,4,ITU estimate,,,,,,
Mauritius,2011,34.95,4,ITU estimate,,,,,,
Micronesia,2011,22.8,4,ITU estimate,,,,,,
Moldova,2011,32.07,4,ITU estimate,,,,,,
Monaco,2011,80.3,4,ITU estimate,,,,,,
Mozambique,2011,4.6,4,ITU estimate,,,,,,
Namibia,2011,12,4,ITU estimate,,,,,,
New Caledonia,2011,50,4,ITU estimate,,,,,,
Nigeria,2011,13.8,4,ITU estimate,,,,,,
Niue,2011,79.56,4,ITU estimate,,,,,,
Oman,2011,48,4,ITU estimate,,,,,,
Pakistan,2011,8,4,ITU estimate,,,,,,
Papua New Guinea,2011,2,4,ITU estimate,,,,,,
Philippines,2011,29,4,ITU estimate,,,,,,
Saint Kitts and Nevis,2011,63.2,4,ITU estimate,,,,,,
Saint Lucia,2011,34,4,ITU estimate,,,,,,
Saint Vincent and the Grenadines,2011,36.7,4,ITU estimate,,,,,,
Samoa,2011,11,4,ITU estimate,,,,,,
Sao Tome and Principe,2011,20.1612,4,ITU estimate,,,,,,
Seychelles,2011,43.164,4,ITU estimate,,,,,,
Sierra Leone,2011,0.9,4,ITU estimate,,,,,,
Solomon Islands,2011,6,4,ITU estimate,,,,,,
Somalia,2011,1.25,4,ITU estimate,,,,,,
Suriname,2011,32,4,ITU estimate,,,,,,
Tajikistan,2011,13.03,4,ITU estimate,,,,,,
Timor-Leste,2011,4,4,ITU estimate,,,,,,
Togo,2011,3.5,4,ITU estimate,,,,,,
Turkmenistan,2011,5,4,ITU estimate,,,,,,
Tuvalu,2011,16.5,4,ITU estimate,,,,,,
Uganda,2011,4.6,4,ITU estimate,,,,,,
Vanuatu,2011,9.2,4,ITU estimate,,,,,,
Virgin Islands (US),2011,35.6,4,ITU estimate,,,,,,
Yemen,2011,14.905,4,ITU estimate,,,,,,
Zambia,2011,3.5,4,ITU estimate,,,,,,
Zimbabwe,2011,8.4,4,ITU estimate,,,,,,
"China, Macao Special Administrative Region",2011,60.2037,70,Last 3 months.,,,,,,
"China, Hong Kong Special Administrative Region",2011,72.2,65,Population age 10+. ITU estimate.,,,,,,
Morocco,2011,46.1075,195,Population age 12-65. Living in electrified areas.,,,,,,
Lebanon,2011,52,144,Population age 15+.,,,,,,
Nauru,2011,54,144,Population age 15+.,,,,,,
North Macedonia,2011,56.7,204,Population age 15-74.,,,,,,
Russian Federation,2011,58,44,Population age 16-74.,,,,,,
Jordan,2011,34.9,55,Population age 5+.,,,,,,
South Africa,2011,33.97,55,Population age 5+.,,,,,,
Egypt,2011,25.6,102,Population age 6+.,,,,,,
Panama,2011,42.7,213,Preliminary.,,,,,,
Venezuela,2011,40.22,294,Preliminary. Country estimate.,,,,,,
Qatar,2011,69,236,Refers to overall population. ITU estimate.,,,,,,
Malaysia,2011,61,139,Refers to total population.,,,,,,
Ukraine,2011,28.7083,139,Refers to total population.,,,,,,
Senegal,2011,9.8,249,Refers to total population. Country estimates 17.5% for population age 12+.,,,,,,
Singapore,2011,71,254,Residents.,,,,,,
Puerto Rico,2011,48,230,"Source: Estudios Técnicos, Inc., Estudio de comportamiento sobre el uso de medios digitales y móviles, 2011.  Reference population: All inhabitants 12 years and older.",,,,,,
Eswatini,2011,18.13,107,SwaziMTN 3G Network& SPTC 1x EV DO + ISPsNetworks +ISPs,,,,,,
Cook Islands,2011,39.0288,77,this figure includes all individuals who have access to the internet at home.,,,,,,
Costa Rica,2011,39.2122,80,Total population. In the last three months.,,,,,,
Estonia,2011,76.5,105,Users in the last 3 months. Age 16-74.,,,,,,
Finland,2011,88.71,105,Users in the last 3 months. Age 16-74.,,,,,,
France,2011,77.82,105,Users in the last 3 months. Age 16-74.,,,,,,
Germany,2011,81.27,105,Users in the last 3 months. Age 16-74.,,,,,,
Greece,2011,51.65,105,Users in the last 3 months. Age 16-74.,,,,,,
Hungary,2011,68.02,105,Users in the last 3 months. Age 16-74.,,,,,,
Iceland,2011,94.8197,105,Users in the last 3 months. Age 16-74.,,,,,,
Ireland,2011,74.89,105,Users in the last 3 months. Age 16-74.,,,,,,
Italy,2011,54.39,105,Users in the last 3 months. Age 16-74.,,,,,,
Latvia,2011,69.75,105,Users in the last 3 months. Age 16-74.,,,,,,
Lithuania,2011,63.64,105,Users in the last 3 months. Age 16-74.,,,,,,
Luxembourg,2011,90.0299,105,Users in the last 3 months. Age 16-74.,,,,,,
Malta,2011,68.0198,105,Users in the last 3 months. Age 16-74.,,,,,,
Netherlands (Kingdom of the),2011,91.42,105,Users in the last 3 months. Age 16-74.,,,,,,
Norway,2011,93.49,105,Users in the last 3 months. Age 16-74.,,,,,,
Poland,2011,61.95,105,Users in the last 3 months. Age 16-74.,,,,,,
Portugal,2011,55.25,105,Users in the last 3 months. Age 16-74.,,,,,,
Romania,2011,40.01,105,Users in the last 3 months. Age 16-74.,,,,,,
Slovakia,2011,74.44,105,Users in the last 3 months. Age 16-74.,,,,,,
Slovenia,2011,67.34,105,Users in the last 3 months. Age 16-74.,,,,,,
Sweden,2011,92.77,105,Users in the last 3 months. Age 16-74.,,,,,,
United Kingdom,2011,85.38,105,Users in the last 3 months. Age 16-74.,,,,,,
Andorra,2011,81,,#N/A,,,,,,
Ascension,2011,36,,#N/A,,,,,,
Australia,2011,79.4877,,#N/A,,,,,,
Austria,2011,78.74,,#N/A,,,,,,
Bahamas,2011,65,,#N/A,,,,,,
Belarus,2011,39.6489,,#N/A,,,,,,
Belgium,2011,81.61,,#N/A,,,,,,
Benin,2011,4.14832,,#N/A,,,,,,
Bhutan,2011,14.4,,#N/A,,,,,,
Botswana,2011,9,,#N/A,,,,,,
Brazil,2011,45.69,,#N/A,,,,,,
British Virgin Islands,2011,37.4,,#N/A,,,,,,
Bulgaria,2011,47.98,,#N/A,,,,,,
Chile,2011,52.2496,,#N/A,,,,,,
China,2011,38.3,,#N/A,,,,,,
Colombia,2011,40.3509,,#N/A,,,,,,
Croatia,2011,57.79,,#N/A,,,,,,
Cyprus,2011,56.8599,,#N/A,,,,,,
Czech Republic,2011,70.49,,#N/A,,,,,,
Denmark,2011,89.81,,#N/A,,,,,,
Dominican Republic,2011,38,,#N/A,,,,,,
Ecuador,2011,31.3668,,#N/A,,,,,,
Falkland (Malvinas) Islands,2011,96.38,,#N/A,,,,,,
Gibraltar,2011,65,,#N/A,,,,,,
Greenland,2011,64,,#N/A,,,,,,
Guernsey,2011,83.632,,#N/A,,,,,,
Indonesia,2011,12.28,,#N/A,,,,,,
Israel,2011,68.8739,,#N/A,,,,,,
Jamaica,2011,37.4386,,#N/A,,,,,,
Japan,2011,79.0541,,#N/A,,,,,,
Jersey,2011,36,,#N/A,,,,,,
Kazakhstan,2011,50.6,,#N/A,,,,,,
Kiribati,2011,10,,#N/A,,,,,,
Korea (Republic  of),2011,83.7591,,#N/A,,,,,,
Kuwait,2011,65.7691,,#N/A,,,,,,
Lao People's Democratic Republic,2011,9,,#N/A,,,,,,
Malawi,2011,3.33,,#N/A,,,,,,
Mali,2011,2.2,,#N/A,,,,,,
Mexico,2011,37.1763,,#N/A,,,,,,
Mongolia,2011,12.5,,#N/A,,,,,,
Montenegro,2011,35.6115,,#N/A,,,,,,
Montserrat,2011,54.551,,#N/A,,,,,,
Myanmar,2011,0.98,,#N/A,,,,,,
New Zealand,2011,81.23,,#N/A,,,,,,
Nicaragua,2011,10.6,,#N/A,,,,,,
Niger,2011,0.9,,#N/A,,,,,,
Paraguay,2011,24.7635,,#N/A,,,,,,
Peru,2011,36.01,,#N/A,,,,,,
Rwanda,2011,7,,#N/A,,,,,,
San Marino,2011,49.6,,#N/A,,,,,,
Saudi Arabia,2011,47.5,,#N/A,,,,,,
Serbia,2011,42.2,,#N/A,,,,,,
St. Helena,2011,33,,#N/A,,,,,,
State of Palestine,2011,41.08,,#N/A,,,,,,
Tanzania,2011,3.2,,#N/A,,,,,,
Tonga,2011,25,,#N/A,,,,,,
Trinidad and Tobago,2011,55.2,"35,36",#N/A,,,,,,
Tunisia,2011,39.1,,#N/A,,,,,,
United States,2011,69.7295,,#N/A,,,,,,
Uruguay,2011,51.4047,,#N/A,,,,,,
Uzbekistan,2011,18.6,,#N/A,,,,,,
Viet Nam,2011,35.07,,#N/A,,,,,,
Wallis and Futuna,2011,8.68,,#N/A,,,,,,
Kazakhstan,2010,31.6,155,According to annual sample surveys. Population age 16-74.,,,,,,
Ghana,2010,7.8,119,Break in comparability: persons 12 years and older. Based on Census 2010 results.,,,,,,
Oman,2010,35.8278,7,Census.,,,,,,
Saint Lucia,2010,32.5,156,Census. ITU estimate.,,,,,,
Spain,2010,65.8,260,CMT's survey. Population age 10+.,,,,,,
Nepal (Republic of),2010,7.93,137,December.,,,,,,
Lebanon,2010,43.68,160,Estimate based on population aged 15+. ITU estimate.,,,,,,
Morocco,2010,52,196,"Estimate for population age 6-74 in electrified areas (98% of households are in electrified areas (with 86,4% in rural areas)).",,,,,,
Mexico,2010,31.05,184,Estimate to December based on ENDUTIH survey. Refers to total population.,,,,,,
Singapore,2010,71,255,Estimated based on proportion of resident Internet users (aged 7 & above) from IDA's annual survey on infocomm usage in household and by individuals.,,,,,,
Chile,2010,45,56,Estimated based on surveys' results. ITU estimate.,,,,,,
Türkiye,2010,39.82,38,In the last 12 months.,,,,,,
Switzerland,2010,83.9,269,In the last 6 months.,,,,,,
Cuba,2010,15.9,82,Incl. users of the international network and also those having access only to the Cuban network.,,,,,,
Afghanistan,2010,4,4,ITU estimate,,,,,,
Angola,2010,2.8,4,ITU estimate,,,,,,
Anguilla,2010,49.6,4,ITU estimate,,,,,,
Antigua and Barbuda,2010,47,4,ITU estimate,,,,,,
Argentina,2010,45,4,ITU estimate,,,,,,
Armenia,2010,25,4,ITU estimate,,,,,,
Aruba,2010,62,4,ITU estimate,,,,,,
Australia,2010,76,4,ITU estimate,,,,,,
Bahamas,2010,43,4,ITU estimate,,,,,,
Bangladesh,2010,3.7,4,ITU estimate,,,,,,
Barbados,2010,65.1,4,ITU estimate,,,,,,
Bermuda,2010,84.21,4,ITU estimate,,,,,,
Bolivia (Plurinational State of),2010,22.4,4,ITU estimate,,,,,,
Bosnia and Herzegovina,2010,42.75,4,ITU estimate,,,,,,
Brunei Darussalam,2010,53,4,ITU estimate,,,,,,
Burkina Faso,2010,2.4,4,ITU estimate,,,,,,
Burundi,2010,1,4,ITU estimate,,,,,,
Cabo Verde,2010,30,4,ITU estimate,,,,,,
Cameroon,2010,4.3,4,ITU estimate,,,,,,
Central African Republic,2010,2,4,ITU estimate,,,,,,
Chad,2010,1.7,4,ITU estimate,,,,,,
Comoros,2010,5.1,4,ITU estimate,,,,,,
Congo (Republic of the),2010,5,4,ITU estimate,,,,,,
Côte d'Ivoire,2010,2.7,4,ITU estimate,,,,,,
Democratic People's Republic of Korea,2010,0,4,ITU estimate,,,,,,
Djibouti,2010,6.5,4,ITU estimate,,,,,,
Dominican Republic,2010,31.4,4,ITU estimate,,,,,,
Eritrea,2010,0.61,4,ITU estimate,,,,,,
Ethiopia,2010,0.75,4,ITU estimate,,,,,,
Fiji,2010,20,4,ITU estimate,,,,,,
Gabon,2010,13,4,ITU estimate,,,,,,
Grenada,2010,27,4,ITU estimate,,,,,,
Guam,2010,54.04,4,ITU estimate,,,,,,
Guatemala,2010,10.5,4,ITU estimate,,,,,,
Guinea,2010,1,4,ITU estimate,,,,,,
Guinea-Bissau,2010,2.45,4,ITU estimate,,,,,,
Haiti,2010,8.37,4,ITU estimate,,,,,,
India,2010,7.5,4,ITU estimate,,,,,,
Kuwait,2010,61.4,4,ITU estimate,,,,,,
Kyrgyzstan,2010,16.3,4,ITU estimate,,,,,,
Lesotho,2010,3.86,4,ITU estimate,,,,,,
Libya,2010,14,4,ITU estimate,,,,,,
Liechtenstein,2010,80,4,ITU estimate,,,,,,
Madagascar,2010,1.7,4,ITU estimate,,,,,,
Mali,2010,2,4,ITU estimate,,,,,,
Marshall Islands,2010,7,4,ITU estimate,,,,,,
Mauritania,2010,4,4,ITU estimate,,,,,,
Micronesia,2010,20,4,ITU estimate,,,,,,
Moldova,2010,29.68,4,ITU estimate,,,,,,
Montenegro,2010,37.5,4,ITU estimate,,,,,,
New Caledonia,2010,42,4,ITU estimate,,,,,,
Nicaragua,2010,10,4,ITU estimate,,,,,,
Niger,2010,0.83,4,ITU estimate,,,,,,
Nigeria,2010,11.5,4,ITU estimate,,,,,,
Niue,2010,76.97,4,ITU estimate,,,,,,
Pakistan,2010,8,4,ITU estimate,,,,,,
Saint Vincent and the Grenadines,2010,33.7,4,ITU estimate,,,,,,
Samoa,2010,7,4,ITU estimate,,,,,,
Seychelles,2010,41,4,ITU estimate,,,,,,
Sierra Leone,2010,0.58,4,ITU estimate,,,,,,
Solomon Islands,2010,5,4,ITU estimate,,,,,,
South Africa,2010,24,4,ITU estimate,,,,,,
Tajikistan,2010,11.55,4,ITU estimate,,,,,,
Tanzania,2010,2.9,4,ITU estimate,,,,,,
Timor-Leste,2010,3,4,ITU estimate,,,,,,
Togo,2010,3,4,ITU estimate,,,,,,
Tonga,2010,16,4,ITU estimate,,,,,,
Turkmenistan,2010,3,4,ITU estimate,,,,,,
Tuvalu,2010,14.6,4,ITU estimate,,,,,,
Uganda,2010,4.3,4,ITU estimate,,,,,,
Uzbekistan,2010,15.9,4,ITU estimate,,,,,,
Virgin Islands (US),2010,31.22,4,ITU estimate,,,,,,
Zambia,2010,3,4,ITU estimate,,,,,,
Zimbabwe,2010,6.4,4,ITU estimate,,,,,,
Panama,2010,40.1,214,"Multipliers were applied to residential and commercial suscriptions, taking into account the average size of households and employees per business.",,,,,,
Paraguay,2010,19.8,216,Population age 10+ using internet in the last 3 months.,,,,,,
"China, Hong Kong Special Administrative Region",2010,72,66,Population age 10+.,,,,,,
Papua New Guinea,2010,1.28,66,Population age 10+.,,,,,,
Maldives,2010,26.53,168,Population age 15+. Census.,,,,,,
North Macedonia,2010,51.9,204,Population age 15-74.,,,,,,
Slovakia,2010,75.71,257,Population age 16-74 in the last 3 months (source: Eurostat).,,,,,,
Estonia,2010,74.1,106,Population age 16-74 in the last 3 months.,,,,,,
Lithuania,2010,62.12,163,Population age 16-74 using Internet in the last 12 months.,,,,,,
Netherlands (Kingdom of the),2010,90.72,163,Population age 16-74 using Internet in the last 12 months.,,,,,,
Iceland,2010,93.39,124,"Population age 16-74, in the last 3 months.",,,,,,
Finland,2010,86.89,44,Population age 16-74.,,,,,,
France,2010,77.28,44,Population age 16-74.,,,,,,
Germany,2010,82,44,Population age 16-74.,,,,,,
Greece,2010,44.4,44,Population age 16-74.,,,,,,
Hungary,2010,65,44,Population age 16-74.,,,,,,
Ireland,2010,69.85,44,Population age 16-74.,,,,,,
Italy,2010,53.68,44,Population age 16-74.,,,,,,
Latvia,2010,68.42,44,Population age 16-74.,,,,,,
Luxembourg,2010,90.62,44,Population age 16-74.,,,,,,
Malta,2010,63,44,Population age 16-74.,,,,,,
Norway,2010,93.39,44,Population age 16-74.,,,,,,
Poland,2010,62.32,44,Population age 16-74.,,,,,,
Portugal,2010,53.3,44,Population age 16-74.,,,,,,
Romania,2010,39.93,44,Population age 16-74.,,,,,,
Russian Federation,2010,49,44,Population age 16-74.,,,,,,
Slovenia,2010,70,44,Population age 16-74.,,,,,,
United Kingdom,2010,85,44,Population age 16-74.,,,,,,
Sweden,2010,90,265,Population age 16-75.,,,,,,
Korea (Republic  of),2010,83.7,157,Population age 3+.,,,,,,
Jordan,2010,27.2,55,Population age 5+.,,,,,,
Iran (Islamic Republic of),2010,15.9,102,Population age 6+.,,,,,,
Qatar,2010,69,237,Refers to overall population.,,,,,,
United Arab Emirates,2010,68,285,Refers to the total population.,,,,,,
Indonesia,2010,10.92,139,Refers to total population.,,,,,,
Malaysia,2010,56.3,139,Refers to total population.,,,,,,
Mongolia,2010,10.2,139,Refers to total population.,,,,,,
Senegal,2010,8,250,Refers to total population. Survey result: 16% for population age 12+. ITU estimate.,,,,,,
Puerto Rico,2010,45.3,231,"Source: Estudios Técnicos, Inc., Internet Pulse, 2010.  Reference population: All inhabitants 12 years and older.",,,,,,
Canada,2010,80.3,51,"Survey was redesigned, therefore comparison with previous years should not be done.",,,,,,
Albania,2010,45,,#N/A,,,,,,
Algeria,2010,12.5,,#N/A,,,,,,
Andorra,2010,81,,#N/A,,,,,,
Ascension,2010,35,,#N/A,,,,,,
Austria,2010,75.17,,#N/A,,,,,,
Azerbaijan,2010,46,,#N/A,,,,,,
Bahrain,2010,55,,#N/A,,,,,,
Belarus,2010,31.8,,#N/A,,,,,,
Belgium,2010,77.6398,,#N/A,,,,,,
Belize,2010,28.2,,#N/A,,,,,,
Benin,2010,3.13,,#N/A,,,,,,
Bhutan,2010,13.6,"35,36",#N/A,,,,,,
Botswana,2010,6,,#N/A,,,,,,
Brazil,2010,40.65,,#N/A,,,,,,
British Virgin Islands,2010,37,,#N/A,,,,,,
Bulgaria,2010,46.23,,#N/A,,,,,,
Cambodia,2010,1.26,,#N/A,,,,,,
Cayman Islands,2010,66,,#N/A,,,,,,
China,2010,34.3,,#N/A,,,,,,
"China, Macao Special Administrative Region",2010,55.198,,#N/A,,,,,,
Colombia,2010,36.5,,#N/A,,,,,,
Cook Islands,2010,35.71,,#N/A,,,,,,
Costa Rica,2010,36.5,,#N/A,,,,,,
Croatia,2010,56.55,,#N/A,,,,,,
Cyprus,2010,52.99,,#N/A,,,,,,
Czech Republic,2010,68.82,,#N/A,,,,,,
Democratic Republic of the Congo,2010,0.72,"35,36",#N/A,,,,,,
Denmark,2010,88.72,,#N/A,,,,,,
Dominica,2010,47.45,,#N/A,,,,,,
Ecuador,2010,29.03,,#N/A,,,,,,
Egypt,2010,21.6,,#N/A,,,,,,
El Salvador,2010,15.9,,#N/A,,,,,,
Equatorial Guinea,2010,6,,#N/A,,,,,,
Eswatini,2010,11.04,,#N/A,,,,,,
Falkland (Malvinas) Islands,2010,95.84,,#N/A,,,,,,
Faroe Islands,2010,75.2,,#N/A,,,,,,
French Polynesia,2010,49,,#N/A,,,,,,
Gambia,2010,9.2,,#N/A,,,,,,
Georgia,2010,26.9,,#N/A,,,,,,
Gibraltar,2010,65,,#N/A,,,,,,
Greenland,2010,63,,#N/A,,,,,,
Guyana,2010,29.9,,#N/A,,,,,,
Honduras,2010,11.09,,#N/A,,,,,,
Iraq,2010,2.5,,#N/A,,,,,,
Israel,2010,67.5,,#N/A,,,,,,
Jamaica,2010,27.67,,#N/A,,,,,,
Japan,2010,78.21,,#N/A,,,,,,
Kenya,2010,7.2,,#N/A,,,,,,
Kiribati,2010,9.07,,#N/A,,,,,,
Lao People's Democratic Republic,2010,7,,#N/A,,,,,,
Liberia,2010,2.3,,#N/A,,,,,,
Malawi,2010,2.26,,#N/A,,,,,,
Mauritius,2010,28.33,,#N/A,,,,,,
Monaco,2010,75,,#N/A,,,,,,
Montserrat,2010,35,,#N/A,,,,,,
Mozambique,2010,4.17,,#N/A,,,,,,
Myanmar,2010,0.25,,#N/A,,,,,,
Namibia,2010,11.6,,#N/A,,,,,,
New Zealand,2010,80.46,,#N/A,,,,,,
Peru,2010,34.77,,#N/A,,,,,,
Philippines,2010,25,,#N/A,,,,,,
Rwanda,2010,8,,#N/A,,,,,,
Saint Kitts and Nevis,2010,63,,#N/A,,,,,,
Sao Tome and Principe,2010,18.75,,#N/A,,,,,,
Saudi Arabia,2010,41,,#N/A,,,,,,
Serbia,2010,40.9,,#N/A,,,,,,
St. Helena,2010,24.94,,#N/A,,,,,,
State of Palestine,2010,37.4,,#N/A,,,,,,
Suriname,2010,31.59,,#N/A,,,,,,
Syrian Arab Republic,2010,20.7,,#N/A,,,,,,
Thailand,2010,22.4,,#N/A,,,,,,
Trinidad and Tobago,2010,48.5,"35,36",#N/A,,,,,,
Tunisia,2010,36.8,,#N/A,,,,,,
Ukraine,2010,23.3,,#N/A,,,,,,
United States,2010,71.69,,#N/A,,,,,,
Uruguay,2010,46.4,,#N/A,,,,,,
Vanuatu,2010,8,,#N/A,,,,,,
Venezuela,2010,37.37,"35,36",#N/A,,,,,,
Viet Nam,2010,30.65,,#N/A,,,,,,
Wallis and Futuna,2010,8.16,,#N/A,,,,,,
Yemen,2010,12.35,,#N/A,,,,,,
Guinea,2009,0.94,128,Based on operators' information.,,,,,,
Dominican Republic,2009,27.72,95,Calculated using a multiplying factor of 3.9 to residencial subscriptions and 16 to business subscriptions.,,,,,,
Spain,2009,62.4,260,CMT's survey. Population age 10+.,,,,,,
Maldives,2009,24.8,169,Country estimate based on the assumption that every connection (except leased lines) serves 4 users (average household size is 6) and a leased line serves 10 users. Excl. mobile Internet users.,,,,,,
Lebanon,2009,30.14,160,Estimate based on population aged 15+. ITU estimate.,,,,,,
Mexico,2009,26.34,184,Estimate to December based on ENDUTIH survey. Refers to total population.,,,,,,
Brunei Darussalam,2009,49,43,Estimate.,,,,,,
Singapore,2009,69,256,Estimated based on proportion of resident Internet users from IDA's annual survey on infocomm usage in household and by individuals.,,,,,,
Honduras,2009,9.8,129,Estimated based on Survey's results. Population age 5+.,,,,,,
Türkiye,2009,36.4,38,In the last 12 months.,,,,,,
Switzerland,2009,81.3,268,In the last 6 months. Population age 14+.,,,,,,
Cuba,2009,14.33,83,Incl. users of the international network and also those having access only to the Cuban network. Users of international network account for 2.9%.,,,,,,
Ecuador,2009,24.6,100,"INEC, households survey",,,,,,
Angola,2009,2.3,4,ITU estimate,,,,,,
Anguilla,2009,48,4,ITU estimate,,,,,,
Antigua and Barbuda,2009,42,4,ITU estimate,,,,,,
Armenia,2009,15.3,4,ITU estimate,,,,,,
Aruba,2009,58,4,ITU estimate,,,,,,
Bangladesh,2009,3.1,4,ITU estimate,,,,,,
Barbados,2009,64.7,4,ITU estimate,,,,,,
Belize,2009,27.2,4,ITU estimate,,,,,,
Bolivia (Plurinational State of),2009,16.8,4,ITU estimate,,,,,,
Burkina Faso,2009,1.13,4,ITU estimate,,,,,,
Burundi,2009,0.9,4,ITU estimate,,,,,,
Cabo Verde,2009,21,4,ITU estimate,,,,,,
Central African Republic,2009,1.8,4,ITU estimate,,,,,,
Chad,2009,1.5,4,ITU estimate,,,,,,
Comoros,2009,3.5,4,ITU estimate,,,,,,
Congo (Republic of the),2009,4.5,4,ITU estimate,,,,,,
Côte d'Ivoire,2009,2,4,ITU estimate,,,,,,
Democratic People's Republic of Korea,2009,0,4,ITU estimate,,,,,,
Democratic Republic of the Congo,2009,0.56,4,ITU estimate,,,,,,
Djibouti,2009,4,4,ITU estimate,,,,,,
Dominica,2009,42.02,4,ITU estimate,,,,,,
Egypt,2009,20,4,ITU estimate,,,,,,
Equatorial Guinea,2009,2.13,4,ITU estimate,,,,,,
Eritrea,2009,0.54,4,ITU estimate,,,,,,
Ethiopia,2009,0.54,4,ITU estimate,,,,,,
Fiji,2009,17,4,ITU estimate,,,,,,
French Guiana,2009,25.7034,4,ITU estimate,,,,,,
Gabon,2009,9.5,4,ITU estimate,,,,,,
Gambia,2009,7.63,4,ITU estimate,,,,,,
Georgia,2009,20.07,4,ITU estimate,,,,,,
Gibraltar,2009,65.07,4,ITU estimate,,,,,,
Grenada,2009,24.05,4,ITU estimate,,,,,,
Guadeloupe,2009,23.4214,4,ITU estimate,,,,,,
Guam,2009,50.642,4,ITU estimate,,,,,,
Guatemala,2009,9.3,4,ITU estimate,,,,,,
Haiti,2009,8.1,4,ITU estimate,,,,,,
Iran (Islamic Republic of),2009,13.8,4,ITU estimate,,,,,,
Kuwait,2009,50.8,4,ITU estimate,,,,,,
Kyrgyzstan,2009,16,4,ITU estimate,,,,,,
Liberia,2009,2,4,ITU estimate,,,,,,
Libya,2009,10.8,4,ITU estimate,,,,,,
Liechtenstein,2009,75,4,ITU estimate,,,,,,
Madagascar,2009,1.63,4,ITU estimate,,,,,,
Mali,2009,1.8,4,ITU estimate,,,,,,
Marshall Islands,2009,5.6,4,ITU estimate,,,,,,
Martinique,2009,42.0043,4,ITU estimate,,,,,,
Mauritania,2009,2.28,4,ITU estimate,,,,,,
Moldova,2009,27.5,4,ITU estimate,,,,,,
Montenegro,2009,35.1,4,ITU estimate,,,,,,
Montserrat,2009,20.26,4,ITU estimate,,,,,,
Myanmar,2009,0.22,4,ITU estimate,,,,,,
Namibia,2009,6.5,4,ITU estimate,,,,,,
Nicaragua,2009,7.3,4,ITU estimate,,,,,,
Nigeria,2009,9.3,4,ITU estimate,,,,,,
Niue,2009,74.4753,4,ITU estimate,,,,,,
Oman,2009,26.8,4,ITU estimate,,,,,,
Pakistan,2009,7.5,4,ITU estimate,,,,,,
Qatar,2009,53.1,4,ITU estimate,,,,,,
Réunion,2009,36.2792,4,ITU estimate,,,,,,
Saint Kitts and Nevis,2009,55.7,4,ITU estimate,,,,,,
Saint Lucia,2009,31,4,ITU estimate,,,,,,
Saint Vincent and the Grenadines,2009,31,4,ITU estimate,,,,,,
Samoa,2009,6,4,ITU estimate,,,,,,
Sao Tome and Principe,2009,16.41,4,ITU estimate,,,,,,
Sierra Leone,2009,0.26,4,ITU estimate,,,,,,
Solomon Islands,2009,4,4,ITU estimate,,,,,,
Somalia,2009,1.16061,4,ITU estimate,,,,,,
Tanzania,2009,2.4,4,ITU estimate,,,,,,
Timor-Leste,2009,2,4,ITU estimate,,,,,,
Togo,2009,2.6,4,ITU estimate,,,,,,
Tonga,2009,10,4,ITU estimate,,,,,,
Turkmenistan,2009,1.95,4,ITU estimate,,,,,,
Tuvalu,2009,12.8,4,ITU estimate,,,,,,
Uganda,2009,4.1,4,ITU estimate,,,,,,
Vanuatu,2009,7.5,4,ITU estimate,,,,,,
Virgin Islands (US),2009,27.3965,4,ITU estimate,,,,,,
Zambia,2009,2.5,4,ITU estimate,,,,,,
Zimbabwe,2009,4,4,ITU estimate,,,,,,
Panama,2009,39.08,214,"Multipliers were applied to residential and commercial suscriptions, taking into account the average size of households and employees per business.",,,,,,
United States,2009,71,291,Populatio age 3+.,,,,,,
Paraguay,2009,18.9,216,Population age 10+ using internet in the last 3 months.,,,,,,
Papua New Guinea,2009,1.61,66,Population age 10+.,,,,,,
Puerto Rico,2009,41.5,232,Population age 12+. ITU estimate.,,,,,,
Morocco,2009,41.3,197,Population age 12-65.,,,,,,
New Zealand,2009,79.7,144,Population age 15+.,,,,,,
Russian Federation,2009,42.55,242,Population age 16-74,,,,,,
Slovakia,2009,70,257,Population age 16-74 in the last 3 months (source: Eurostat).,,,,,,
Lithuania,2009,59.76,163,Population age 16-74 using Internet in the last 12 months.,,,,,,
Netherlands (Kingdom of the),2009,89.63,163,Population age 16-74 using Internet in the last 12 months.,,,,,,
Finland,2009,82.49,109,Population age 16-74 using Internet in the last 3 months.,,,,,,
France,2009,71.58,44,Population age 16-74.,,,,,,
Germany,2009,79,44,Population age 16-74.,,,,,,
Greece,2009,42.4,44,Population age 16-74.,,,,,,
Hungary,2009,62,44,Population age 16-74.,,,,,,
Ireland,2009,67.38,44,Population age 16-74.,,,,,,
Italy,2009,48.83,44,Population age 16-74.,,,,,,
Latvia,2009,66.84,44,Population age 16-74.,,,,,,
Luxembourg,2009,87.31,44,Population age 16-74.,,,,,,
Malta,2009,58.86,44,Population age 16-74.,,,,,,
North Macedonia,2009,51.77,44,Population age 16-74.,,,,,,
Norway,2009,92.08,44,Population age 16-74.,,,,,,
Poland,2009,58.97,44,Population age 16-74.,,,,,,
Portugal,2009,48.27,44,Population age 16-74.,,,,,,
Romania,2009,36.6,44,Population age 16-74.,,,,,,
Slovenia,2009,64,44,Population age 16-74.,,,,,,
United Kingdom,2009,83.56,44,Population age 16-74.,,,,,,
Sweden,2009,91,265,Population age 16-75.,,,,,,
Korea (Republic  of),2009,81.6,157,Population age 3+.,,,,,,
Jordan,2009,26,55,Population age 5+.,,,,,,
Peru,2009,31.4,102,Population age 6+.,,,,,,
United Arab Emirates,2009,64,286,Refers to the total population. ITU estimate.,,,,,,
Malaysia,2009,55.9,139,Refers to total population.,,,,,,
Senegal,2009,7.5,251,Refers to total population. Survey result: 14.5% for population age 12+. ITU estimate.,,,,,,
Rwanda,2009,7.7,243,Survey conducted by Rwanda Utilities Regulatory Agency in February 2010,,,,,,
Afghanistan,2009,3.55,,#N/A,,,,,,
Albania,2009,41.2,,#N/A,,,,,,
Algeria,2009,11.23,,#N/A,,,,,,
Andorra,2009,78.53,,#N/A,,,,,,
Argentina,2009,34,,#N/A,,,,,,
Ascension,2009,33,,#N/A,,,,,,
Australia,2009,74.25,,#N/A,,,,,,
Austria,2009,73.45,,#N/A,,,,,,
Azerbaijan,2009,27.4,,#N/A,,,,,,
Bahamas,2009,33.88,,#N/A,,,,,,
Bahrain,2009,53,,#N/A,,,,,,
Belarus,2009,27.43,,#N/A,,,,,,
Belgium,2009,74.5441,,#N/A,,,,,,
Benin,2009,2.24,,#N/A,,,,,,
Bermuda,2009,83.25,,#N/A,,,,,,
Bhutan,2009,7.17,,#N/A,,,,,,
Bosnia and Herzegovina,2009,37.74,,#N/A,,,,,,
Botswana,2009,6.15,,#N/A,,,,,,
Brazil,2009,39.22,,#N/A,,,,,,
British Virgin Islands,2009,36,,#N/A,,,,,,
Bulgaria,2009,45,,#N/A,,,,,,
Cambodia,2009,0.53,,#N/A,,,,,,
Cameroon,2009,3.84,,#N/A,,,,,,
Canada,2009,80.3,,#N/A,,,,,,
Cayman Islands,2009,64.5,,#N/A,,,,,,
Chile,2009,41.56,,#N/A,,,,,,
China,2009,28.9,,#N/A,,,,,,
"China, Hong Kong Special Administrative Region",2009,69.4,,#N/A,,,,,,
"China, Macao Special Administrative Region",2009,54,,#N/A,,,,,,
Colombia,2009,30,,#N/A,,,,,,
Cook Islands,2009,30.29,,#N/A,,,,,,
Costa Rica,2009,34.33,,#N/A,,,,,,
Croatia,2009,50.58,,#N/A,,,,,,
Cyprus,2009,49.81,,#N/A,,,,,,
Czech Republic,2009,64.43,,#N/A,,,,,,
Denmark,2009,86.84,,#N/A,,,,,,
El Salvador,2009,12.11,,#N/A,,,,,,
Estonia,2009,72.5,,#N/A,,,,,,
Eswatini,2009,8.94,,#N/A,,,,,,
Falkland (Malvinas) Islands,2009,95.84,,#N/A,,,,,,
Faroe Islands,2009,75.18,,#N/A,,,,,,
French Polynesia,2009,44.6,,#N/A,,,,,,
Ghana,2009,5.44,,#N/A,,,,,,
Greenland,2009,62.83,,#N/A,,,,,,
Guinea-Bissau,2009,2.30328,,#N/A,,,,,,
Guyana,2009,23.9,,#N/A,,,,,,
Iceland,2009,93,,#N/A,,,,,,
India,2009,5.12,,#N/A,,,,,,
Indonesia,2009,6.92,,#N/A,,,,,,
Iraq,2009,1.06,,#N/A,,,,,,
Israel,2009,63.12,,#N/A,,,,,,
Jamaica,2009,24.3,,#N/A,,,,,,
Japan,2009,78,,#N/A,,,,,,
Kazakhstan,2009,18.2,,#N/A,,,,,,
Kenya,2009,6.1,,#N/A,,,,,,
Kiribati,2009,8.97,,#N/A,,,,,,
Lao People's Democratic Republic,2009,6,,#N/A,,,,,,
Lesotho,2009,3.72,,#N/A,,,,,,
Malawi,2009,1.07,,#N/A,,,,,,
Mauritius,2009,22.51,,#N/A,,,,,,
Micronesia,2009,15.35,,#N/A,,,,,,
Monaco,2009,70.1,,#N/A,,,,,,
Mongolia,2009,10,,#N/A,,,,,,
Mozambique,2009,2.68,,#N/A,,,,,,
Nepal (Republic of),2009,1.97,,#N/A,,,,,,
New Caledonia,2009,33.99,,#N/A,,,,,,
Niger,2009,0.76,,#N/A,,,,,,
Philippines,2009,9,,#N/A,,,,,,
San Marino,2009,54.21,,#N/A,,,,,,
Saudi Arabia,2009,38,,#N/A,,,,,,
Serbia,2009,38.1,,#N/A,,,,,,
South Africa,2009,10,,#N/A,,,,,,
St. Helena,2009,19.07,,#N/A,,,,,,
State of Palestine,2009,32.23,,#N/A,,,,,,
Suriname,2009,31.36,,#N/A,,,,,,
Syrian Arab Republic,2009,17.3,,#N/A,,,,,,
Tajikistan,2009,10.07,,#N/A,,,,,,
Thailand,2009,20.1,,#N/A,,,,,,
Trinidad and Tobago,2009,44.3,"35,36",#N/A,,,,,,
Tunisia,2009,34.07,,#N/A,,,,,,
Ukraine,2009,17.9,,#N/A,,,,,,
Uruguay,2009,41.8,,#N/A,,,,,,
Uzbekistan,2009,11.9,,#N/A,,,,,,
Venezuela,2009,32.7,"35,36",#N/A,,,,,,
Viet Nam,2009,26.55,,#N/A,,,,,,
Wallis and Futuna,2009,6.76,,#N/A,,,,,,
Yemen,2009,9.96,,#N/A,,,,,,
Guinea,2008,0.92,128,Based on operators' information.,,,,,,
Moldova,2008,23.39,188,Based on RCC data.,,,,,,
Spain,2008,59.6,260,CMT's survey. Population age 10+.,,,,,,
Maldives,2008,23.2,169,Country estimate based on the assumption that every connection (except leased lines) serves 4 users (average household size is 6) and a leased line serves 10 users. Excl. mobile Internet users.,,,,,,
Canada,2008,76.7,52,Estimate based on Survey's results 2007 and 2009. ITU estimate.,,,,,,
New Zealand,2008,72.03,202,Estimate based on survey's results. Population age 15+. ITU estimate.,,,,,,
Mexico,2008,21.71,184,Estimate to December based on ENDUTIH survey. Refers to total population.,,,,,,
Brunei Darussalam,2008,46,43,Estimate.,,,,,,
Singapore,2008,69,255,Estimated based on proportion of resident Internet users (aged 7 & above) from IDA's annual survey on infocomm usage in household and by individuals.,,,,,,
Chile,2008,37.3,56,Estimated based on surveys' results. ITU estimate.,,,,,,
Türkiye,2008,34.37,38,In the last 12 months.,,,,,,
Switzerland,2008,79.2,268,In the last 6 months. Population age 14+.,,,,,,
Cuba,2008,12.94,82,Incl. users of the international network and also those having access only to the Cuban network.,,,,,,
Angola,2008,1.9,4,ITU estimate,,,,,,
Anguilla,2008,44,4,ITU estimate,,,,,,
Antigua and Barbuda,2008,38,4,ITU estimate,,,,,,
Aruba,2008,52,4,ITU estimate,,,,,,
Bangladesh,2008,2.5,4,ITU estimate,,,,,,
Barbados,2008,61.4,4,ITU estimate,,,,,,
Belize,2008,26.3,4,ITU estimate,,,,,,
Bolivia (Plurinational State of),2008,12.5,4,ITU estimate,,,,,,
Burkina Faso,2008,0.92,4,ITU estimate,,,,,,
Cabo Verde,2008,14,4,ITU estimate,,,,,,
Cameroon,2008,3.4,4,ITU estimate,,,,,,
Comoros,2008,3,4,ITU estimate,,,,,,
Cook Islands,2008,25.41,4,ITU estimate,,,,,,
Côte d'Ivoire,2008,1.9,4,ITU estimate,,,,,,
Democratic Republic of the Congo,2008,0.44,4,ITU estimate,,,,,,
Dominica,2008,41.16,4,ITU estimate,,,,,,
Equatorial Guinea,2008,1.82,4,ITU estimate,,,,,,
Eritrea,2008,0.47,4,ITU estimate,,,,,,
Ethiopia,2008,0.45,4,ITU estimate,,,,,,
Fiji,2008,13,4,ITU estimate,,,,,,
French Guiana,2008,24.5344,4,ITU estimate,,,,,,
Gabon,2008,7.5,4,ITU estimate,,,,,,
Gambia,2008,6.88,4,ITU estimate,,,,,,
Georgia,2008,10.01,4,ITU estimate,,,,,,
Gibraltar,2008,58,4,ITU estimate,,,,,,
Grenada,2008,23.18,4,ITU estimate,,,,,,
Guadeloupe,2008,22.2177,4,ITU estimate,,,,,,
Guam,2008,48.4187,4,ITU estimate,,,,,,
Guatemala,2008,8.3,4,ITU estimate,,,,,,
Haiti,2008,7.6,4,ITU estimate,,,,,,
Indonesia,2008,7.91748,4,ITU estimate,,,,,,
Jordan,2008,23,4,ITU estimate,,,,,,
Kenya,2008,5.2,4,ITU estimate,,,,,,
Kiribati,2008,7,4,ITU estimate,,,,,,
Kuwait,2008,42,4,ITU estimate,,,,,,
Liberia,2008,0.53,4,ITU estimate,,,,,,
Libya,2008,9,4,ITU estimate,,,,,,
Liechtenstein,2008,70,4,ITU estimate,,,,,,
Madagascar,2008,1.65,4,ITU estimate,,,,,,
Marshall Islands,2008,4.6,4,ITU estimate,,,,,,
Martinique,2008,39.6684,4,ITU estimate,,,,,,
Mauritania,2008,1.87,4,ITU estimate,,,,,,
Montenegro,2008,32.9,4,ITU estimate,,,,,,
Montserrat,2008,20.32,4,ITU estimate,,,,,,
Nicaragua,2008,5.3,4,ITU estimate,,,,,,
Nigeria,2008,8,4,ITU estimate,,,,,,
Niue,2008,65.9196,4,ITU estimate,,,,,,
Pakistan,2008,7,4,ITU estimate,,,,,,
Qatar,2008,44.3,4,ITU estimate,,,,,,
Réunion,2008,34.2875,4,ITU estimate,,,,,,
Russian Federation,2008,32,4,ITU estimate,,,,,,
Saint Kitts and Nevis,2008,49.2,4,ITU estimate,,,,,,
Saint Lucia,2008,30,4,ITU estimate,,,,,,
Saint Vincent and the Grenadines,2008,21,4,ITU estimate,,,,,,
Samoa,2008,5.03162,4,ITU estimate,,,,,,
Sao Tome and Principe,2008,15.48,4,ITU estimate,,,,,,
Senegal,2008,7.12,4,ITU estimate,,,,,,
Sierra Leone,2008,0.25,4,ITU estimate,,,,,,
Solomon Islands,2008,3,4,ITU estimate,,,,,,
Somalia,2008,1.14269,4,ITU estimate,,,,,,
Suriname,2008,21.06,4,ITU estimate,,,,,,
Tanzania,2008,1.9,4,ITU estimate,,,,,,
Timor-Leste,2008,1.5,4,ITU estimate,,,,,,
Togo,2008,2.4,4,ITU estimate,,,,,,
Turkmenistan,2008,1.75,4,ITU estimate,,,,,,
Tuvalu,2008,11.2,4,ITU estimate,,,,,,
Uganda,2008,3.88,4,ITU estimate,,,,,,
Virgin Islands (US),2008,27.3618,4,ITU estimate,,,,,,
Wallis and Futuna,2008,8.22,4,ITU estimate,,,,,,
Zambia,2008,2.2,4,ITU estimate,,,,,,
Zimbabwe,2008,3.5,4,ITU estimate,,,,,,
Panama,2008,33.82,214,"Multipliers were applied to residential and commercial suscriptions, taking into account the average size of households and employees per business.",,,,,,
United States,2008,74,292,"Pew Internet Project, Internet",,,,,,
Paraguay,2008,14.27,216,Population age 10+ using internet in the last 3 months.,,,,,,
"China, Hong Kong Special Administrative Region",2008,66.7,66,Population age 10+.,,,,,,
Papua New Guinea,2008,1.15,66,Population age 10+.,,,,,,
Mauritius,2008,21.81,164,Population age 12+.,,,,,,
Morocco,2008,33.1,198,Population age 12-65 using Internet at least once during the last month.,,,,,,
Slovakia,2008,66.05,257,Population age 16-74 in the last 3 months (source: Eurostat).,,,,,,
Lithuania,2008,55.22,163,Population age 16-74 using Internet in the last 12 months.,,,,,,
Netherlands (Kingdom of the),2008,87.42,163,Population age 16-74 using Internet in the last 12 months.,,,,,,
Estonia,2008,70.58,44,Population age 16-74.,,,,,,
Finland,2008,83.67,44,Population age 16-74.,,,,,,
France,2008,70.68,44,Population age 16-74.,,,,,,
Germany,2008,78,44,Population age 16-74.,,,,,,
Greece,2008,38.2,44,Population age 16-74.,,,,,,
Hungary,2008,61,44,Population age 16-74.,,,,,,
Ireland,2008,65.34,44,Population age 16-74.,,,,,,
Italy,2008,44.53,44,Population age 16-74.,,,,,,
Latvia,2008,63.41,44,Population age 16-74.,,,,,,
Luxembourg,2008,82.23,44,Population age 16-74.,,,,,,
Malta,2008,50.08,44,Population age 16-74.,,,,,,
North Macedonia,2008,46.04,44,Population age 16-74.,,,,,,
Norway,2008,90.57,44,Population age 16-74.,,,,,,
Poland,2008,53.13,44,Population age 16-74.,,,,,,
Portugal,2008,44.13,44,Population age 16-74.,,,,,,
Romania,2008,32.42,44,Population age 16-74.,,,,,,
Slovenia,2008,58,44,Population age 16-74.,,,,,,
United Kingdom,2008,78.39,44,Population age 16-74.,,,,,,
Sweden,2008,90,265,Population age 16-75.,,,,,,
Korea (Republic  of),2008,81,157,Population age 3+.,,,,,,
Peru,2008,30.57,222,Population age 6+ using Internet in the last month.,,,,,,
Iran (Islamic Republic of),2008,12.02,102,Population age 6+.,,,,,,
Uruguay,2008,39.3,102,Population age 6+.,,,,,,
United Arab Emirates,2008,63,286,Refers to the total population. ITU estimate.,,,,,,
Malaysia,2008,55.8,139,Refers to total population.,,,,,,
Puerto Rico,2008,38,233,"Source: Estudios Técnicos, Inc., Internet Pulse, 2008.  Reference population: All inhabitants 12 years and older.",,,,,,
Lebanon,2008,22.53,161,TRA estimates the number of Internet users based on the number of Internet subscriptions (3 users for every subscription).,,,,,,
Afghanistan,2008,1.84,,#N/A,,,,,,
Albania,2008,23.86,,#N/A,,,,,,
Algeria,2008,10.18,,#N/A,,,,,,
Andorra,2008,70.04,,#N/A,,,,,,
Argentina,2008,28.1126,,#N/A,,,,,,
Armenia,2008,6.21,,#N/A,,,,,,
Ascension,2008,33,,#N/A,,,,,,
Australia,2008,71.67,,#N/A,,,,,,
Austria,2008,72.87,,#N/A,,,,,,
Azerbaijan,2008,17.08,,#N/A,,,,,,
Bahamas,2008,31.54,,#N/A,,,,,,
Bahrain,2008,51.95,,#N/A,,,,,,
Belarus,2008,23,,#N/A,,,,,,
Belgium,2008,68.8573,,#N/A,,,,,,
Benin,2008,1.85,,#N/A,,,,,,
Bermuda,2008,82.3,,#N/A,,,,,,
Bhutan,2008,6.55,,#N/A,,,,,,
Bosnia and Herzegovina,2008,34.66,,#N/A,,,,,,
Botswana,2008,6.25,,#N/A,,,,,,
Brazil,2008,33.83,,#N/A,,,,,,
Bulgaria,2008,39.67,,#N/A,,,,,,
Burundi,2008,0.81,,#N/A,,,,,,
Cambodia,2008,0.51,,#N/A,,,,,,
Cayman Islands,2008,61,,#N/A,,,,,,
Central African Republic,2008,1,,#N/A,,,,,,
Chad,2008,1.19,,#N/A,,,,,,
China,2008,22.6,,#N/A,,,,,,
"China, Macao Special Administrative Region",2008,49.24,,#N/A,,,,,,
Colombia,2008,25.6,,#N/A,,,,,,
Congo (Republic of the),2008,4.28751,,#N/A,,,,,,
Costa Rica,2008,32.29,,#N/A,,,,,,
Croatia,2008,44.24,,#N/A,,,,,,
Cyprus,2008,42.31,,#N/A,,,,,,
Czech Republic,2008,62.97,,#N/A,,,,,,
Democratic People's Republic of Korea,2008,0,,#N/A,,,,,,
Denmark,2008,85.02,,#N/A,,,,,,
Djibouti,2008,2.26,,#N/A,,,,,,
Dominican Republic,2008,20.82,,#N/A,,,,,,
Ecuador,2008,18.8,,#N/A,,,,,,
Egypt,2008,18.01,,#N/A,,,,,,
El Salvador,2008,10.08,,#N/A,,,,,,
Eswatini,2008,6.85,,#N/A,,,,,,
Falkland (Malvinas) Islands,2008,92.96,,#N/A,,,,,,
Faroe Islands,2008,75.57,,#N/A,,,,,,
French Polynesia,2008,33.87,,#N/A,,,,,,
Ghana,2008,4.27,,#N/A,,,,,,
Greenland,2008,62.82,,#N/A,,,,,,
Guinea-Bissau,2008,2.35489,,#N/A,,,,,,
Guyana,2008,18.2,,#N/A,,,,,,
Honduras,2008,9.6,,#N/A,,,,,,
Iceland,2008,91,,#N/A,,,,,,
India,2008,4.38,,#N/A,,,,,,
Iraq,2008,1,,#N/A,,,,,,
Israel,2008,59.39,,#N/A,,,,,,
Jamaica,2008,23.6,,#N/A,,,,,,
Japan,2008,75.4,,#N/A,,,,,,
Kazakhstan,2008,11,,#N/A,,,,,,
Kyrgyzstan,2008,15.7,,#N/A,,,,,,
Lao People's Democratic Republic,2008,3.55,,#N/A,,,,,,
Lesotho,2008,3.58,,#N/A,,,,,,
Malawi,2008,0.7,,#N/A,,,,,,
Mali,2008,1.57,,#N/A,,,,,,
Micronesia,2008,14.49,,#N/A,,,,,,
Monaco,2008,67.25,,#N/A,,,,,,
Mongolia,2008,9.8,,#N/A,,,,,,
Mozambique,2008,1.56,,#N/A,,,,,,
Myanmar,2008,0.22,,#N/A,,,,,,
Namibia,2008,5.329,,#N/A,,,,,,
Nepal (Republic of),2008,1.73,,#N/A,,,,,,
New Caledonia,2008,34.51,,#N/A,,,,,,
Niger,2008,0.7,,#N/A,,,,,,
Oman,2008,20,,#N/A,,,,,,
Philippines,2008,6.22,,#N/A,,,,,,
Rwanda,2008,4.5,,#N/A,,,,,,
San Marino,2008,54.52,,#N/A,,,,,,
Saudi Arabia,2008,36,,#N/A,,,,,,
Serbia,2008,35.6,,#N/A,,,,,,
Seychelles,2008,40.44,,#N/A,,,,,,
South Africa,2008,8.43,,#N/A,,,,,,
St. Helena,2008,18.82,,#N/A,,,,,,
State of Palestine,2008,24.358,,#N/A,,,,,,
Syrian Arab Republic,2008,14,,#N/A,,,,,,
Tajikistan,2008,8.78,,#N/A,,,,,,
Thailand,2008,18.2,,#N/A,,,,,,
Tonga,2008,8.11077,,#N/A,,,,,,
Trinidad and Tobago,2008,34.8,"35,36",#N/A,,,,,,
Tunisia,2008,27.53,,#N/A,,,,,,
Ukraine,2008,11,,#N/A,,,,,,
Uzbekistan,2008,9.08011,,#N/A,,,,,,
Vanuatu,2008,7.26912,,#N/A,,,,,,
Venezuela,2008,25.88,,#N/A,,,,,,
Viet Nam,2008,23.92,,#N/A,,,,,,
Yemen,2008,6.89,,#N/A,,,,,,
Democratic People's Republic of Korea,2007,0,88,Commercially not available. Local Intranet available in country.,,,,,,
Maldives,2007,16.3,169,Country estimate based on the assumption that every connection (except leased lines) serves 4 users (average household size is 6) and a leased line serves 10 users. Excl. mobile Internet users.,,,,,,
New Zealand,2007,69.76,202,Estimate based on survey's results. Population age 15+. ITU estimate.,,,,,,
Mexico,2007,20.81,184,Estimate to December based on ENDUTIH survey. Refers to total population.,,,,,,
Costa Rica,2007,28.4,81,Estimated based on 2005 and 2008 surveys' results. ITU estimate.,,,,,,
Singapore,2007,69.9,255,Estimated based on proportion of resident Internet users (aged 7 & above) from IDA's annual survey on infocomm usage in household and by individuals.,,,,,,
Ecuador,2007,10.8,101,Estimated based on survey results. ITU estimate.,,,,,,
Peru,2007,25.2,223,Estimated based on Survey's results (2003 and 2008).,,,,,,
Chile,2007,35.9,56,Estimated based on surveys' results. ITU estimate.,,,,,,
"China, Macao Special Administrative Region",2007,47.327,71,Estimated based on survey's results. Population age 3+. ITU estimate.,,,,,,
Uruguay,2007,34,293,Estimated based on Survey's results. Population age 6+. ITU estimate.,,,,,,
Brazil,2007,30.88,41,Estimated based on urban/rural distribution of Internet users in 2008 (as 2006 Survey collected only urban data).,,,,,,
Oman,2007,16.68,207,Excl. mobile Internet users.,,,,,,
Switzerland,2007,77.2,268,In the last 6 months. Population age 14+.,,,,,,
Cuba,2007,11.69,82,Incl. users of the international network and also those having access only to the Cuban network.,,,,,,
Albania,2007,15.0361,4,ITU estimate,,,,,,
Angola,2007,1.7,4,ITU estimate,,,,,,
Anguilla,2007,41,4,ITU estimate,,,,,,
Antigua and Barbuda,2007,34,4,ITU estimate,,,,,,
Armenia,2007,6.02125,4,ITU estimate,,,,,,
Aruba,2007,30.9,4,ITU estimate,,,,,,
Azerbaijan,2007,14.54,4,ITU estimate,,,,,,
Bahamas,2007,27,4,ITU estimate,,,,,,
Bangladesh,2007,1.8,4,ITU estimate,,,,,,
Barbados,2007,58.2,4,ITU estimate,,,,,,
Belize,2007,24.6,4,ITU estimate,,,,,,
Bolivia (Plurinational State of),2007,10.4992,4,ITU estimate,,,,,,
Cayman Islands,2007,52,4,ITU estimate,,,,,,
Colombia,2007,21.8,4,ITU estimate,,,,,,
Comoros,2007,2.5,4,ITU estimate,,,,,,
Cook Islands,2007,25.6003,4,ITU estimate,,,,,,
Côte d'Ivoire,2007,1.8,4,ITU estimate,,,,,,
Democratic Republic of the Congo,2007,0.37,4,ITU estimate,,,,,,
Dominica,2007,40.2745,4,ITU estimate,,,,,,
Equatorial Guinea,2007,1.55712,4,ITU estimate,,,,,,
Eritrea,2007,0.41,4,ITU estimate,,,,,,
Fiji,2007,10.8978,4,ITU estimate,,,,,,
French Guiana,2007,23.3139,4,ITU estimate,,,,,,
Gabon,2007,5.767,4,ITU estimate,,,,,,
Guadeloupe,2007,21.0158,4,ITU estimate,,,,,,
Guam,2007,46.1505,4,ITU estimate,,,,,,
Guatemala,2007,7.3,4,ITU estimate,,,,,,
Guinea-Bissau,2007,2.2063,4,ITU estimate,,,,,,
Guyana,2007,13.8,4,ITU estimate,,,,,,
Haiti,2007,7.2,4,ITU estimate,,,,,,
Iran (Islamic Republic of),2007,9.47,4,ITU estimate,,,,,,
Jamaica,2007,21.1,4,ITU estimate,,,,,,
Kenya,2007,4.4,4,ITU estimate,,,,,,
Kiribati,2007,6,4,ITU estimate,,,,,,
Kuwait,2007,34.8,4,ITU estimate,,,,,,
Liberia,2007,0.551377,4,ITU estimate,,,,,,
Liechtenstein,2007,65.0802,4,ITU estimate,,,,,,
Madagascar,2007,0.65,4,ITU estimate,,,,,,
Marshall Islands,2007,3.95,4,ITU estimate,,,,,,
Martinique,2007,37.3296,4,ITU estimate,,,,,,
Mauritania,2007,1.43361,4,ITU estimate,,,,,,
Micronesia,2007,13.6211,4,ITU estimate,,,,,,
Monaco,2007,64.3777,4,ITU estimate,,,,,,
Mongolia,2007,9,4,ITU estimate,,,,,,
Montenegro,2007,30.8,4,ITU estimate,,,,,,
Montserrat,2007,20.4255,4,ITU estimate,,,,,,
Nicaragua,2007,3.9,4,ITU estimate,,,,,,
Niger,2007,0.390391,4,ITU estimate,,,,,,
Nigeria,2007,6.77,4,ITU estimate,,,,,,
Niue,2007,61.0148,4,ITU estimate,,,,,,
Pakistan,2007,6.8,4,ITU estimate,,,,,,
Papua New Guinea,2007,1.79056,4,ITU estimate,,,,,,
Réunion,2007,32.2529,4,ITU estimate,,,,,,
Rwanda,2007,2.11539,4,ITU estimate,,,,,,
Saint Kitts and Nevis,2007,43.5,4,ITU estimate,,,,,,
Saint Lucia,2007,27.9,4,ITU estimate,,,,,,
Saint Vincent and the Grenadines,2007,16,4,ITU estimate,,,,,,
Samoa,2007,4.74998,4,ITU estimate,,,,,,
Senegal,2007,6.89,4,ITU estimate,,,,,,
Sierra Leone,2007,0.239835,4,ITU estimate,,,,,,
Solomon Islands,2007,2,4,ITU estimate,,,,,,
Somalia,2007,1.12224,4,ITU estimate,,,,,,
Syrian Arab Republic,2007,11.5,4,ITU estimate,,,,,,
Timor-Leste,2007,1,4,ITU estimate,,,,,,
Togo,2007,2.2,4,ITU estimate,,,,,,
Tonga,2007,7.17987,4,ITU estimate,,,,,,
Tuvalu,2007,10,4,ITU estimate,,,,,,
United Arab Emirates,2007,61,4,ITU estimate,,,,,,
Vanuatu,2007,6.8,4,ITU estimate,,,,,,
Zambia,2007,1.9,4,ITU estimate,,,,,,
Zimbabwe,2007,3,4,ITU estimate,,,,,,
Paraguay,2007,11.21,216,Population age 10+ using internet in the last 3 months.,,,,,,
"China, Hong Kong Special Administrative Region",2007,64.8,66,Population age 10+.,,,,,,
Morocco,2007,21.5,198,Population age 12-65 using Internet at least once during the last month.,,,,,,
Türkiye,2007,28.63,275,Population age 16-74 in the last 12 months.,,,,,,
Lithuania,2007,49.9,163,Population age 16-74 using Internet in the last 12 months.,,,,,,
Netherlands (Kingdom of the),2007,85.82,163,Population age 16-74 using Internet in the last 12 months.,,,,,,
Spain,2007,55.11,163,Population age 16-74 using Internet in the last 12 months.,,,,,,
Estonia,2007,66.19,44,Population age 16-74.,,,,,,
Finland,2007,80.78,44,Population age 16-74.,,,,,,
France,2007,66.09,44,Population age 16-74.,,,,,,
Germany,2007,75.16,44,Population age 16-74.,,,,,,
Greece,2007,35.88,44,Population age 16-74.,,,,,,
Hungary,2007,53.3,44,Population age 16-74.,,,,,,
Iceland,2007,90.6,44,Population age 16-74.,,,,,,
Ireland,2007,61.1583,44,Population age 16-74.,,,,,,
Italy,2007,40.79,44,Population age 16-74.,,,,,,
Latvia,2007,59.17,44,Population age 16-74.,,,,,,
Luxembourg,2007,78.92,44,Population age 16-74.,,,,,,
Malta,2007,46.9,44,Population age 16-74.,,,,,,
Norway,2007,86.93,44,Population age 16-74.,,,,,,
Poland,2007,48.6,44,Population age 16-74.,,,,,,
Portugal,2007,42.09,44,Population age 16-74.,,,,,,
Romania,2007,28.3,44,Population age 16-74.,,,,,,
Serbia,2007,33.15,44,Population age 16-74.,,,,,,
Slovakia,2007,61.8,44,Population age 16-74.,,,,,,
Slovenia,2007,56.74,44,Population age 16-74.,,,,,,
Sweden,2007,82.01,44,Population age 16-74.,,,,,,
United Kingdom,2007,75.09,44,Population age 16-74.,,,,,,
North Macedonia,2007,36.3,205,Population age 16-74. ITU estimate.,,,,,,
Korea (Republic  of),2007,78.8,157,Population age 3+.,,,,,,
Honduras,2007,9.4,55,Population age 5+.,,,,,,
India,2007,3.95,136,September.,,,,,,
Afghanistan,2007,1.9,,#N/A,,,,,,
Algeria,2007,9.45119,,#N/A,,,,,,
Andorra,2007,70.87,,#N/A,,,,,,
Argentina,2007,25.9466,,#N/A,,,,,,
Ascension,2007,33,,#N/A,,,,,,
Australia,2007,69.45,,#N/A,,,,,,
Austria,2007,69.37,,#N/A,,,,,,
Bahrain,2007,32.91,,#N/A,,,,,,
Belarus,2007,19.7,,#N/A,,,,,,
Belgium,2007,66.7604,,#N/A,,,,,,
Benin,2007,1.79,,#N/A,,,,,,
Bermuda,2007,74.3506,,#N/A,,,,,,
Bhutan,2007,5.92,,#N/A,,,,,,
Bosnia and Herzegovina,2007,27.92,,#N/A,,,,,,
Botswana,2007,5.28,,#N/A,,,,,,
Brunei Darussalam,2007,44.68,,#N/A,,,,,,
Bulgaria,2007,33.64,,#N/A,,,,,,
Burkina Faso,2007,0.75,,#N/A,,,,,,
Burundi,2007,0.7,,#N/A,,,,,,
Cabo Verde,2007,8.28322,,#N/A,,,,,,
Cambodia,2007,0.49,,#N/A,,,,,,
Cameroon,2007,2.93,,#N/A,,,,,,
Canada,2007,73.2,,#N/A,,,,,,
Central African Republic,2007,0.375816,,#N/A,,,,,,
Chad,2007,0.847225,,#N/A,,,,,,
China,2007,16,,#N/A,,,,,,
Congo (Republic of the),2007,2.7597,,#N/A,,,,,,
Croatia,2007,41.44,,#N/A,,,,,,
Cyprus,2007,40.77,,#N/A,,,,,,
Czech Republic,2007,51.93,,#N/A,,,,,,
Denmark,2007,85.03,,#N/A,,,,,,
Djibouti,2007,1.62,,#N/A,,,,,,
Dominican Republic,2007,17.66,,#N/A,,,,,,
Egypt,2007,16.03,,#N/A,,,,,,
El Salvador,2007,6.11,,#N/A,,,,,,
Eswatini,2007,4.1,,#N/A,,,,,,
Ethiopia,2007,0.37,,#N/A,,,,,,
Falkland (Malvinas) Islands,2007,90.06,,#N/A,,,,,,
Faroe Islands,2007,75.98,,#N/A,,,,,,
French Polynesia,2007,28.59,,#N/A,,,,,,
Gambia,2007,6.20504,,#N/A,,,,,,
Georgia,2007,8.26,,#N/A,,,,,,
Ghana,2007,3.85,,#N/A,,,,,,
Gibraltar,2007,51.61,,#N/A,,,,,,
Greenland,2007,61.07,,#N/A,,,,,,
Grenada,2007,22.29,,#N/A,,,,,,
Guinea,2007,0.780025,,#N/A,,,,,,
Indonesia,2007,5.78627,,#N/A,,,,,,
Iraq,2007,0.93,,#N/A,,,,,,
Israel,2007,48.1281,,#N/A,,,,,,
Japan,2007,74.3,,#N/A,,,,,,
Jersey,2007,32.3864,,#N/A,,,,,,
Jordan,2007,20,,#N/A,,,,,,
Kazakhstan,2007,4.02,,#N/A,,,,,,
Kyrgyzstan,2007,14.03,,#N/A,,,,,,
Lao People's Democratic Republic,2007,1.64,,#N/A,,,,,,
Lebanon,2007,18.74,,#N/A,,,,,,
Lesotho,2007,3.44543,,#N/A,,,,,,
Libya,2007,4.722,,#N/A,,,,,,
Malawi,2007,0.965865,,#N/A,,,,,,
Malaysia,2007,55.7,,#N/A,,,,,,
Mali,2007,0.81,,#N/A,,,,,,
Mauritius,2007,20.22,,#N/A,,,,,,
Moldova,2007,20.45,,#N/A,,,,,,
Mozambique,2007,0.91,,#N/A,,,,,,
Myanmar,2007,0.217128,,#N/A,,,,,,
Namibia,2007,4.83561,,#N/A,,,,,,
Nepal (Republic of),2007,1.41,,#N/A,,,,,,
New Caledonia,2007,35.05,,#N/A,,,,,,
Panama,2007,22.29,,#N/A,,,,,,
Philippines,2007,5.97,,#N/A,,,,,,
Puerto Rico,2007,27.86,,#N/A,,,,,,
Qatar,2007,37,,#N/A,,,,,,
Russian Federation,2007,24.66,,#N/A,,,,,,
San Marino,2007,50.3648,,#N/A,,,,,,
Sao Tome and Principe,2007,14.5905,,#N/A,,,,,,
Saudi Arabia,2007,30,,#N/A,,,,,,
Seychelles,2007,38.38,,#N/A,,,,,,
South Africa,2007,8.06538,,#N/A,,,,,,
Sri Lanka,2007,3.88,,#N/A,,,,,,
St. Helena,2007,18.57,,#N/A,,,,,,
State of Palestine,2007,21.176,,#N/A,,,,,,
Sudan,2007,8.66,,#N/A,,,,,,
Suriname,2007,14.11,,#N/A,,,,,,
Tajikistan,2007,7.19762,,#N/A,,,,,,
Tanzania,2007,1.6,,#N/A,,,,,,
Thailand,2007,20.03,,#N/A,,,,,,
Trinidad and Tobago,2007,32.3,"35,36",#N/A,,,,,,
Tunisia,2007,17.1,,#N/A,,,,,,
Turkmenistan,2007,1.40636,,#N/A,,,,,,
Uganda,2007,3.67197,,#N/A,,,,,,
Ukraine,2007,6.55,,#N/A,,,,,,
United States,2007,75,,#N/A,,,,,,
Uzbekistan,2007,7.4906,,#N/A,,,,,,
Venezuela,2007,20.83,,#N/A,,,,,,
Viet Nam,2007,20.7554,,#N/A,,,,,,
Virgin Islands (US),2007,27.3393,,#N/A,,,,,,
Wallis and Futuna,2007,7.95,,#N/A,,,,,,
Yemen,2007,5.01,,#N/A,,,,,,
Democratic People's Republic of Korea,2006,0,88,Commercially not available. Local Intranet available in country.,,,,,,
Maldives,2006,11.0364,169,Country estimate based on the assumption that every connection (except leased lines) serves 4 users (average household size is 6) and a leased line serves 10 users. Excl. mobile Internet users.,,,,,,
Mexico,2006,19.52,185,Estimate to December based on ENDUTIH survey. Refers to total population. ITU estimate.,,,,,,
Türkiye,2006,18.24,276,Estimated based on % of Internet users as reported in surveys in 2005 and 2007.,,,,,,
Costa Rica,2006,25.1,81,Estimated based on 2005 and 2008 surveys' results. ITU estimate.,,,,,,
Peru,2006,20.7,223,Estimated based on Survey's results (2003 and 2008).,,,,,,
Canada,2006,72.4,53,Estimated based on Survey's results 2005 and 2007. ITU estimate.,,,,,,
Paraguay,2006,7.96207,217,Estimated based on Survey's results. Population age 10+. ITU estimate.,,,,,,
Brazil,2006,28.1784,41,Estimated based on urban/rural distribution of Internet users in 2008 (as 2006 Survey collected only urban data).,,,,,,
Switzerland,2006,75.7,268,In the last 6 months. Population age 14+.,,,,,,
Cuba,2006,11.1596,82,Incl. users of the international network and also those having access only to the Cuban network.,,,,,,
Albania,2006,9.60999,4,ITU estimate,,,,,,
Anguilla,2006,36,4,ITU estimate,,,,,,
Antigua and Barbuda,2006,30,4,ITU estimate,,,,,,
Aruba,2006,28,4,ITU estimate,,,,,,
Bahamas,2006,26,4,ITU estimate,,,,,,
Bangladesh,2006,1,4,ITU estimate,,,,,,
Barbados,2006,55.3,4,ITU estimate,,,,,,
Belize,2006,24,4,ITU estimate,,,,,,
Cambodia,2006,0.468357,4,ITU estimate,,,,,,
Cayman Islands,2006,44.5,4,ITU estimate,,,,,,
Central African Republic,2006,0.311159,4,ITU estimate,,,,,,
Comoros,2006,2.2,4,ITU estimate,,,,,,
Congo (Republic of the),2006,2.00799,4,ITU estimate,,,,,,
Cook Islands,2006,25.8572,4,ITU estimate,,,,,,
Democratic Republic of the Congo,2006,0.296054,4,ITU estimate,,,,,,
Dominica,2006,39.3982,4,ITU estimate,,,,,,
Falkland (Malvinas) Islands,2006,87.1022,4,ITU estimate,,,,,,
Faroe Islands,2006,69.3594,4,ITU estimate,,,,,,
French Guiana,2006,22.0643,4,ITU estimate,,,,,,
Gibraltar,2006,45.2986,4,ITU estimate,,,,,,
Grenada,2006,21.396,4,ITU estimate,,,,,,
Guadeloupe,2006,19.8284,4,ITU estimate,,,,,,
Guam,2006,43.8514,4,ITU estimate,,,,,,
Guatemala,2006,6.5,4,ITU estimate,,,,,,
Guyana,2006,8.9,4,ITU estimate,,,,,,
Haiti,2006,6.796,4,ITU estimate,,,,,,
Iran (Islamic Republic of),2006,8.76,4,ITU estimate,,,,,,
Jamaica,2006,16.4,4,ITU estimate,,,,,,
Kenya,2006,3.6,4,ITU estimate,,,,,,
Lebanon,2006,15,4,ITU estimate,,,,,,
Libya,2006,4.30105,4,ITU estimate,,,,,,
Madagascar,2006,0.607552,4,ITU estimate,,,,,,
Martinique,2006,34.9912,4,ITU estimate,,,,,,
Montenegro,2006,28.9,4,ITU estimate,,,,,,
Niger,2006,0.294034,4,ITU estimate,,,,,,
Niue,2006,56.25,4,ITU estimate,,,,,,
Pakistan,2006,6.5,4,ITU estimate,,,,,,
Réunion,2006,30.1767,4,ITU estimate,,,,,,
Saint Kitts and Nevis,2006,38.5,4,ITU estimate,,,,,,
Saint Lucia,2006,24.5,4,ITU estimate,,,,,,
Saint Vincent and the Grenadines,2006,12,4,ITU estimate,,,,,,
Sao Tome and Principe,2006,14.182,4,ITU estimate,,,,,,
Somalia,2006,1.10022,4,ITU estimate,,,,,,
Suriname,2006,9.49963,4,ITU estimate,,,,,,
Syrian Arab Republic,2006,7.83255,4,ITU estimate,,,,,,
Tanzania,2006,1.3,4,ITU estimate,,,,,,
Togo,2006,2,4,ITU estimate,,,,,,
Tonga,2006,5.85394,4,ITU estimate,,,,,,
Trinidad and Tobago,2006,30.0037,4,ITU estimate,,,,,,
Tuvalu,2006,9.1,4,ITU estimate,,,,,,
United Arab Emirates,2006,52,4,ITU estimate,,,,,,
United States,2006,68.9312,4,ITU estimate,,,,,,
Uruguay,2006,29.4,4,ITU estimate,,,,,,
Virgin Islands (US),2006,27.3326,4,ITU estimate,,,,,,
Zambia,2006,1.6,4,ITU estimate,,,,,,
Zimbabwe,2006,2.4,4,ITU estimate,,,,,,
China,2006,10.5232,59,Online at least one hour per week.,,,,,,
"China, Hong Kong Special Administrative Region",2006,60.8,66,Population age 10+.,,,,,,
El Salvador,2006,5.5,66,Population age 10+.,,,,,,
Ecuador,2006,7.2,65,Population age 10+. ITU estimate.,,,,,,
Mauritius,2006,16.7,164,Population age 12+.,,,,,,
Morocco,2006,19.7712,198,Population age 12-65 using Internet at least once during the last month.,,,,,,
New Zealand,2006,69,144,Population age 15+.,,,,,,
Singapore,2006,59,144,Population age 15+.,,,,,,
Lithuania,2006,43.9,163,Population age 16-74 using Internet in the last 12 months.,,,,,,
Netherlands (Kingdom of the),2006,83.7,163,Population age 16-74 using Internet in the last 12 months.,,,,,,
Spain,2006,50.37,163,Population age 16-74 using Internet in the last 12 months.,,,,,,
Estonia,2006,63.51,44,Population age 16-74.,,,,,,
Finland,2006,79.66,44,Population age 16-74.,,,,,,
France,2006,46.87,44,Population age 16-74.,,,,,,
Germany,2006,72.16,44,Population age 16-74.,,,,,,
Greece,2006,32.25,44,Population age 16-74.,,,,,,
Hungary,2006,47.06,44,Population age 16-74.,,,,,,
Iceland,2006,89.51,44,Population age 16-74.,,,,,,
Ireland,2006,54.82,44,Population age 16-74.,,,,,,
Italy,2006,37.99,44,Population age 16-74.,,,,,,
Latvia,2006,53.63,44,Population age 16-74.,,,,,,
Luxembourg,2006,72.51,44,Population age 16-74.,,,,,,
Malta,2006,40.41,44,Population age 16-74.,,,,,,
North Macedonia,2006,28.62,44,Population age 16-74.,,,,,,
Norway,2006,82.55,44,Population age 16-74.,,,,,,
Poland,2006,44.58,44,Population age 16-74.,,,,,,
Portugal,2006,38.01,44,Population age 16-74.,,,,,,
Romania,2006,24.66,44,Population age 16-74.,,,,,,
Serbia,2006,27.2,44,Population age 16-74.,,,,,,
Slovakia,2006,56.08,44,Population age 16-74.,,,,,,
Slovenia,2006,54.01,44,Population age 16-74.,,,,,,
Sweden,2006,87.76,44,Population age 16-74.,,,,,,
United Kingdom,2006,68.82,44,Population age 16-74.,,,,,,
Korea (Republic  of),2006,78.1,157,Population age 3+.,,,,,,
Honduras,2006,7.8,130,Population age 5+. ITU estimate.,,,,,,
Japan,2006,68.6853,102,Population age 6+.,,,,,,
India,2006,2.8055,136,September.,,,,,,
Afghanistan,2006,2.10712,,#N/A,,,,,,
Algeria,2006,7.37598,,#N/A,,,,,,
Andorra,2006,48.9368,,#N/A,,,,,,
Angola,2006,1.5,,#N/A,,,,,,
Argentina,2006,20.9272,,#N/A,,,,,,
Armenia,2006,5.63179,,#N/A,,,,,,
Australia,2006,66,,#N/A,,,,,,
Austria,2006,63.6,,#N/A,,,,,,
Azerbaijan,2006,11.9922,,#N/A,,,,,,
Bahrain,2006,28.244,,#N/A,,,,,,
Belarus,2006,16.2,,#N/A,,,,,,
Belgium,2006,61.9819,,#N/A,,,,,,
Benin,2006,1.53785,,#N/A,,,,,,
Bermuda,2006,69.8997,,#N/A,,,,,,
Bhutan,2006,4.51832,,#N/A,,,,,,
Bolivia (Plurinational State of),2006,6.20067,,#N/A,,,,,,
Bosnia and Herzegovina,2006,25.1224,,#N/A,,,,,,
Botswana,2006,4.28993,,#N/A,,,,,,
Brunei Darussalam,2006,42.1863,,#N/A,,,,,,
Bulgaria,2006,27.09,,#N/A,,,,,,
Burkina Faso,2006,0.632708,,#N/A,,,,,,
Burundi,2006,0.657593,,#N/A,,,,,,
Cabo Verde,2006,6.80891,,#N/A,,,,,,
Cameroon,2006,2.02874,,#N/A,,,,,,
Chad,2006,0.581046,,#N/A,,,,,,
Chile,2006,34.4978,,#N/A,,,,,,
"China, Macao Special Administrative Region",2006,46.4,,#N/A,,,,,,
Colombia,2006,15.3417,,#N/A,,,,,,
Côte d'Ivoire,2006,1.5249,,#N/A,,,,,,
Croatia,2006,37.98,,#N/A,,,,,,
Cyprus,2006,35.83,,#N/A,,,,,,
Czech Republic,2006,47.93,,#N/A,,,,,,
Denmark,2006,86.65,,#N/A,,,,,,
Djibouti,2006,1.27004,,#N/A,,,,,,
Dominican Republic,2006,14.8449,,#N/A,,,,,,
Egypt,2006,13.66,,#N/A,,,,,,
Equatorial Guinea,2006,1.27919,,#N/A,,,,,,
Eswatini,2006,3.69654,,#N/A,,,,,,
Ethiopia,2006,0.310593,,#N/A,,,,,,
Fiji,2006,9.60004,,#N/A,,,,,,
French Polynesia,2006,25.108,,#N/A,,,,,,
Gabon,2006,5.4892,,#N/A,,,,,,
Gambia,2006,5.23769,,#N/A,,,,,,
Georgia,2006,7.52688,,#N/A,,,,,,
Ghana,2006,2.72318,,#N/A,,,,,,
Greenland,2006,59.3617,,#N/A,,,,,,
Guernsey,2006,83.632,,#N/A,,,,,,
Guinea,2006,0.637492,,#N/A,,,,,,
Guinea-Bissau,2006,2.0572,,#N/A,,,,,,
Indonesia,2006,4.76481,,#N/A,,,,,,
Iraq,2006,0.952344,,#N/A,,,,,,
Israel,2006,27.8811,,#N/A,,,,,,
Jersey,2006,31.8182,,#N/A,,,,,,
Jordan,2006,13.8671,,#N/A,,,,,,
Kazakhstan,2006,3.26837,,#N/A,,,,,,
Kiribati,2006,4.5,,#N/A,,,,,,
Kuwait,2006,28.7912,,#N/A,,,,,,
Kyrgyzstan,2006,12.3069,,#N/A,,,,,,
Lao People's Democratic Republic,2006,1.16989,,#N/A,,,,,,
Lesotho,2006,2.97971,,#N/A,,,,,,
Liechtenstein,2006,64.2142,,#N/A,,,,,,
Malawi,2006,0.425137,,#N/A,,,,,,
Malaysia,2006,51.638,,#N/A,,,,,,
Mali,2006,0.729627,,#N/A,,,,,,
Marshall Islands,2006,3.79559,,#N/A,,,,,,
Mauritania,2006,0.979661,,#N/A,,,,,,
Micronesia,2006,12.7503,,#N/A,,,,,,
Moldova,2006,19.6206,,#N/A,,,,,,
Monaco,2006,61.476,,#N/A,,,,,,
Montserrat,2006,25.9112,,#N/A,,,,,,
Mozambique,2006,0.842954,,#N/A,,,,,,
Myanmar,2006,0.182048,,#N/A,,,,,,
Namibia,2006,4.39887,,#N/A,,,,,,
Nepal (Republic of),2006,1.14139,,#N/A,,,,,,
New Caledonia,2006,33.5157,,#N/A,,,,,,
Nicaragua,2006,2.80557,,#N/A,,,,,,
Nigeria,2006,5.54504,,#N/A,,,,,,
Oman,2006,8.29972,,#N/A,,,,,,
Panama,2006,17.3496,,#N/A,,,,,,
Papua New Guinea,2006,1.75449,,#N/A,,,,,,
Philippines,2006,5.74059,,#N/A,,,,,,
Puerto Rico,2006,25.4424,,#N/A,,,,,,
Qatar,2006,28.9741,,#N/A,,,,,,
Russian Federation,2006,18.0233,,#N/A,,,,,,
Samoa,2006,4.46917,,#N/A,,,,,,
San Marino,2006,50.2087,,#N/A,,,,,,
Saudi Arabia,2006,19.4596,,#N/A,,,,,,
Senegal,2006,5.61174,,#N/A,,,,,,
Seychelles,2006,34.952,,#N/A,,,,,,
Sierra Leone,2006,0.227669,,#N/A,,,,,,
Solomon Islands,2006,1.64635,,#N/A,,,,,,
South Africa,2006,7.60714,,#N/A,,,,,,
Sri Lanka,2006,2.53757,,#N/A,,,,,,
St. Helena,2006,17.2265,,#N/A,,,,,,
State of Palestine,2006,18.41,,#N/A,,,,,,
Tajikistan,2006,3.77241,,#N/A,,,,,,
Thailand,2006,17.1607,,#N/A,,,,,,
Timor-Leste,2006,0.5,,#N/A,,,,,,
Tunisia,2006,12.9864,,#N/A,,,,,,
Turkmenistan,2006,1.31957,,#N/A,,,,,,
Uganda,2006,2.52936,,#N/A,,,,,,
Ukraine,2006,4.50612,,#N/A,,,,,,
Uzbekistan,2006,6.38832,,#N/A,,,,,,
Vanuatu,2006,5.85059,,#N/A,,,,,,
Venezuela,2006,15.2247,,#N/A,,,,,,
Viet Nam,2006,17.2546,,#N/A,,,,,,
Wallis and Futuna,2006,7.33333,,#N/A,,,,,,
Yemen,2006,1.24782,,#N/A,,,,,,
Democratic People's Republic of Korea,2005,0,88,Commercially not available. Local Intranet available in country.,,,,,,
Maldives,2005,6.86961,169,Country estimate based on the assumption that every connection (except leased lines) serves 4 users (average household size is 6) and a leased line serves 10 users. Excl. mobile Internet users.,,,,,,
Mexico,2005,17.21,185,Estimate to December based on ENDUTIH survey. Refers to total population. ITU estimate.,,,,,,
Saint Vincent and the Grenadines,2005,9.19828,43,Estimate.,,,,,,
El Salvador,2005,4.2,104,Estimated based on Survey results. Population age 10+. ITU estimate.,,,,,,
Peru,2005,17.1,223,Estimated based on Survey's results (2003 and 2008).,,,,,,
Chile,2005,31.1753,56,Estimated based on surveys' results. ITU estimate.,,,,,,
Romania,2005,21.5,240,Estimated based on Survey's results. Population age 16-74.,,,,,,
Slovenia,2005,46.81,37,In the last 3 months.,,,,,,
Switzerland,2005,70.1,268,In the last 6 months. Population age 14+.,,,,,,
Cuba,2005,9.73806,82,Incl. users of the international network and also those having access only to the Cuban network.,,,,,,
Anguilla,2005,29,4,ITU estimate,,,,,,
Antigua and Barbuda,2005,27,4,ITU estimate,,,,,,
Aruba,2005,25.4,4,ITU estimate,,,,,,
Bahamas,2005,25,4,ITU estimate,,,,,,
Bangladesh,2005,0.241637,4,ITU estimate,,,,,,
Barbados,2005,52.5,4,ITU estimate,,,,,,
Belgium,2005,55.82,4,ITU estimate,,,,,,
Belize,2005,17,4,ITU estimate,,,,,,
Botswana,2005,3.26255,4,ITU estimate,,,,,,
Central African Republic,2005,0.268196,4,ITU estimate,,,,,,
Comoros,2005,2,4,ITU estimate,,,,,,
Congo (Republic of the),2005,1.46342,4,ITU estimate,,,,,,
Cook Islands,2005,26.2,4,ITU estimate,,,,,,
Democratic Republic of the Congo,2005,0.238038,4,ITU estimate,,,,,,
Dominica,2005,38.5436,4,ITU estimate,,,,,,
Ecuador,2005,5.99426,4,ITU estimate,,,,,,
Eswatini,2005,3.69696,4,ITU estimate,,,,,,
Falkland (Malvinas) Islands,2005,84.0054,4,ITU estimate,,,,,,
Faroe Islands,2005,67.9026,4,ITU estimate,,,,,,
Gambia,2005,3.799,4,ITU estimate,,,,,,
Georgia,2005,6.07946,4,ITU estimate,,,,,,
Gibraltar,2005,39.0701,4,ITU estimate,,,,,,
Grenada,2005,20.4878,4,ITU estimate,,,,,,
Guyana,2005,5.7,4,ITU estimate,,,,,,
Haiti,2005,6.3762,4,ITU estimate,,,,,,
India,2005,2.38807,4,ITU estimate,,,,,,
Iran (Islamic Republic of),2005,8.1,4,ITU estimate,,,,,,
Iraq,2005,0.9,4,ITU estimate,,,,,,
Jamaica,2005,12.8,4,ITU estimate,,,,,,
Kiribati,2005,4,4,ITU estimate,,,,,,
Lesotho,2005,2.58025,4,ITU estimate,,,,,,
Libya,2005,3.91779,4,ITU estimate,,,,,,
Madagascar,2005,0.567722,4,ITU estimate,,,,,,
Mauritius,2005,15.1722,4,ITU estimate,,,,,,
Montenegro,2005,27.1,4,ITU estimate,,,,,,
Mozambique,2005,0.854357,4,ITU estimate,,,,,,
Namibia,2005,4.01005,4,ITU estimate,,,,,,
New Zealand,2005,62.7202,4,ITU estimate,,,,,,
Niger,2005,0.221341,4,ITU estimate,,,,,,
Philippines,2005,5.39764,4,ITU estimate,,,,,,
Puerto Rico,2005,23.4001,4,ITU estimate,,,,,,
Rwanda,2005,0.556041,4,ITU estimate,,,,,,
Saint Kitts and Nevis,2005,34,4,ITU estimate,,,,,,
Sao Tome and Principe,2005,13.7595,4,ITU estimate,,,,,,
Somalia,2005,1.07733,4,ITU estimate,,,,,,
Sri Lanka,2005,1.79205,4,ITU estimate,,,,,,
Syrian Arab Republic,2005,5.64811,4,ITU estimate,,,,,,
Tanzania,2005,1.1,4,ITU estimate,,,,,,
Togo,2005,1.8,4,ITU estimate,,,,,,
Tonga,2005,4.90778,4,ITU estimate,,,,,,
Trinidad and Tobago,2005,28.9767,4,ITU estimate,,,,,,
Turkmenistan,2005,0.997257,4,ITU estimate,,,,,,
Tuvalu,2005,8.3,4,ITU estimate,,,,,,
United Arab Emirates,2005,40,4,ITU estimate,,,,,,
United States,2005,67.9681,4,ITU estimate,,,,,,
Virgin Islands (US),2005,27.3443,4,ITU estimate,,,,,,
Yemen,2005,1.0486,4,ITU estimate,,,,,,
Zambia,2005,1.3,4,ITU estimate,,,,,,
Zimbabwe,2005,2.4,4,ITU estimate,,,,,,
Paraguay,2005,7.90701,216,Population age 10+ using internet in the last 3 months.,,,,,,
"China, Hong Kong Special Administrative Region",2005,56.9,66,Population age 10+.,,,,,,
France,2005,42.87,113,"Population age 11+, used in the last month.",,,,,,
Morocco,2005,15.0844,198,Population age 12-65 using Internet at least once during the last month.,,,,,,
Singapore,2005,61,144,Population age 15+.,,,,,,
Ukraine,2005,3.74976,280,Population age 15-59 who used the Internet in the last 4 weeks.,,,,,,
Türkiye,2005,15.46,275,Population age 16-74 in the last 12 months.,,,,,,
Lithuania,2005,36.22,163,Population age 16-74 using Internet in the last 12 months.,,,,,,
Netherlands (Kingdom of the),2005,81,163,Population age 16-74 using Internet in the last 12 months.,,,,,,
Spain,2005,47.88,163,Population age 16-74 using Internet in the last 12 months.,,,,,,
Estonia,2005,61.45,44,Population age 16-74.,,,,,,
Finland,2005,74.48,44,Population age 16-74.,,,,,,
Germany,2005,68.71,44,Population age 16-74.,,,,,,
Greece,2005,24,44,Population age 16-74.,,,,,,
Hungary,2005,38.97,44,Population age 16-74.,,,,,,
Iceland,2005,87,44,Population age 16-74.,,,,,,
Ireland,2005,41.61,44,Population age 16-74.,,,,,,
Italy,2005,35,44,Population age 16-74.,,,,,,
Latvia,2005,46,44,Population age 16-74.,,,,,,
Luxembourg,2005,70,44,Population age 16-74.,,,,,,
Malta,2005,41.24,44,Population age 16-74.,,,,,,
Norway,2005,81.99,44,Population age 16-74.,,,,,,
Poland,2005,38.81,44,Population age 16-74.,,,,,,
Portugal,2005,34.99,44,Population age 16-74.,,,,,,
Slovakia,2005,55.19,44,Population age 16-74.,,,,,,
Sweden,2005,84.83,44,Population age 16-74.,,,,,,
United Kingdom,2005,70,44,Population age 16-74.,,,,,,
North Macedonia,2005,26.45,205,Population age 16-74. ITU estimate.,,,,,,
Serbia,2005,26.3,205,Population age 16-74. ITU estimate.,,,,,,
Korea (Republic  of),2005,73.5,157,Population age 3+.,,,,,,
Honduras,2005,6.5,55,Population age 5+.,,,,,,
Japan,2005,66.9211,102,Population age 6+.,,,,,,
Lebanon,2005,10.14,162,Population age 6+. ITU estimate.,,,,,,
Afghanistan,2005,1.22415,,#N/A,,,,,,
Albania,2005,6.04389,,#N/A,,,,,,
Algeria,2005,5.84394,,#N/A,,,,,,
Andorra,2005,37.6058,,#N/A,,,,,,
Angola,2005,1.14337,,#N/A,,,,,,
Argentina,2005,17.7206,,#N/A,,,,,,
Armenia,2005,5.25298,,#N/A,,,,,,
Australia,2005,63,,#N/A,,,,,,
Austria,2005,58,,#N/A,,,,,,
Azerbaijan,2005,8.03038,,#N/A,,,,,,
Bahrain,2005,21.3037,,#N/A,,,,,,
Benin,2005,1.27103,,#N/A,,,,,,
Bermuda,2005,65.4471,,#N/A,,,,,,
Bhutan,2005,3.84711,,#N/A,,,,,,
Bolivia (Plurinational State of),2005,5.22758,,#N/A,,,,,,
Bosnia and Herzegovina,2005,21.3267,,#N/A,,,,,,
Brazil,2005,21.0227,,#N/A,,,,,,
Brunei Darussalam,2005,36.4664,,#N/A,,,,,,
Bulgaria,2005,19.97,,#N/A,,,,,,
Burkina Faso,2005,0.469914,,#N/A,,,,,,
Burundi,2005,0.542143,,#N/A,,,,,,
Cabo Verde,2005,6.07409,,#N/A,,,,,,
Cambodia,2005,0.317322,,#N/A,,,,,,
Cameroon,2005,1.40265,,#N/A,,,,,,
Canada,2005,71.66,,#N/A,,,,,,
Cayman Islands,2005,38.0344,,#N/A,,,,,,
Chad,2005,0.399258,,#N/A,,,,,,
China,2005,8.52326,,#N/A,,,,,,
"China, Macao Special Administrative Region",2005,34.8629,,#N/A,,,,,,
Colombia,2005,11.0073,,#N/A,,,,,,
Costa Rica,2005,22.07,,#N/A,,,,,,
Côte d'Ivoire,2005,1.03924,,#N/A,,,,,,
Croatia,2005,33.14,,#N/A,,,,,,
Cyprus,2005,32.81,,#N/A,,,,,,
Czech Republic,2005,35.27,,#N/A,,,,,,
Denmark,2005,82.74,,#N/A,,,,,,
Djibouti,2005,0.953611,,#N/A,,,,,,
Dominican Republic,2005,11.4832,,#N/A,,,,,,
Egypt,2005,12.75,,#N/A,,,,,,
Equatorial Guinea,2005,1.14979,,#N/A,,,,,,
Ethiopia,2005,0.21966,,#N/A,,,,,,
Fiji,2005,8.45364,,#N/A,,,,,,
French Guiana,2005,20.7933,,#N/A,,,,,,
French Polynesia,2005,21.5422,,#N/A,,,,,,
Gabon,2005,4.89326,,#N/A,,,,,,
Ghana,2005,1.8312,,#N/A,,,,,,
Greenland,2005,57.7034,,#N/A,,,,,,
Guadeloupe,2005,18.6602,,#N/A,,,,,,
Guam,2005,38.5599,,#N/A,,,,,,
Guatemala,2005,5.7,,#N/A,,,,,,
Guernsey,2005,73.571,,#N/A,,,,,,
Guinea,2005,0.542254,,#N/A,,,,,,
Guinea-Bissau,2005,1.90137,,#N/A,,,,,,
Indonesia,2005,3.60202,,#N/A,,,,,,
Israel,2005,25.194,,#N/A,,,,,,
Jersey,2005,31.25,,#N/A,,,,,,
Jordan,2005,12.9329,,#N/A,,,,,,
Kazakhstan,2005,2.96171,,#N/A,,,,,,
Kenya,2005,3.1019,,#N/A,,,,,,
Kuwait,2005,25.9261,,#N/A,,,,,,
Kyrgyzstan,2005,10.5338,,#N/A,,,,,,
Lao People's Democratic Republic,2005,0.850357,,#N/A,,,,,,
Liechtenstein,2005,63.3714,,#N/A,,,,,,
Malawi,2005,0.384489,,#N/A,,,,,,
Malaysia,2005,48.6292,,#N/A,,,,,,
Mali,2005,0.507063,,#N/A,,,,,,
Marshall Islands,2005,3.8787,,#N/A,,,,,,
Martinique,2005,32.6527,,#N/A,,,,,,
Mauritania,2005,0.669966,,#N/A,,,,,,
Micronesia,2005,11.8814,,#N/A,,,,,,
Moldova,2005,14.6303,,#N/A,,,,,,
Monaco,2005,55.4648,,#N/A,,,,,,
Myanmar,2005,0.0652389,,#N/A,,,,,,
Nepal (Republic of),2005,0.826551,,#N/A,,,,,,
New Caledonia,2005,32.359,,#N/A,,,,,,
Nicaragua,2005,2.56635,,#N/A,,,,,,
Nigeria,2005,3.54916,,#N/A,,,,,,
Niue,2005,51.7032,,#N/A,,,,,,
Oman,2005,6.68358,,#N/A,,,,,,
Pakistan,2005,6.33233,,#N/A,,,,,,
Panama,2005,11.484,,#N/A,,,,,,
Papua New Guinea,2005,1.71619,,#N/A,,,,,,
Qatar,2005,24.7335,,#N/A,,,,,,
Réunion,2005,28.057,,#N/A,,,,,,
Russian Federation,2005,15.2267,,#N/A,,,,,,
Saint Lucia,2005,21.5676,,#N/A,,,,,,
Samoa,2005,3.35259,,#N/A,,,,,,
San Marino,2005,50.2596,,#N/A,,,,,,
Saudi Arabia,2005,12.705,,#N/A,,,,,,
Senegal,2005,4.78668,,#N/A,,,,,,
Seychelles,2005,25.4133,,#N/A,,,,,,
Sierra Leone,2005,0.215392,,#N/A,,,,,,
Solomon Islands,2005,0.844308,,#N/A,,,,,,
South Africa,2005,7.48854,,#N/A,,,,,,
St. Helena,2005,15.9101,,#N/A,,,,,,
State of Palestine,2005,16.005,,#N/A,,,,,,
Sudan,2005,1.29204,,#N/A,,,,,,
Suriname,2005,6.40309,,#N/A,,,,,,
Tajikistan,2005,0.29869,,#N/A,,,,,,
Thailand,2005,15.026,,#N/A,,,,,,
Timor-Leste,2005,0.0990318,,#N/A,,,,,,
Tunisia,2005,9.65509,,#N/A,,,,,,
Uganda,2005,1.74221,,#N/A,,,,,,
Uruguay,2005,20.0882,,#N/A,,,,,,
Uzbekistan,2005,3.34351,,#N/A,,,,,,
Vanuatu,2005,5.08233,,#N/A,,,,,,
Venezuela,2005,12.553,,#N/A,,,,,,
Viet Nam,2005,12.7399,,#N/A,,,,,,
Wallis and Futuna,2005,6.70421,,#N/A,,,,,,
Democratic People's Republic of Korea,2004,0,88,Commercially not available. Local Intranet available in country.,,,,,,
Maldives,2004,6.58825,169,Country estimate based on the assumption that every connection (except leased lines) serves 4 users (average household size is 6) and a leased line serves 10 users. Excl. mobile Internet users.,,,,,,
Saint Vincent and the Grenadines,2004,7.37117,43,Estimate.,,,,,,
El Salvador,2004,3.2,104,Estimated based on Survey results. Population age 10+. ITU estimate.,,,,,,
Peru,2004,14.1,223,Estimated based on Survey's results (2003 and 2008).,,,,,,
Chile,2004,28.1779,56,Estimated based on surveys' results. ITU estimate.,,,,,,
Switzerland,2004,67.8,268,In the last 6 months. Population age 14+.,,,,,,
Japan,2004,62.3939,152,"Incl. users accessing internet through cellphones, PHS and game console.",,,,,,
Cuba,2004,8.40798,82,Incl. users of the international network and also those having access only to the Cuban network.,,,,,,
Anguilla,2004,25.0436,4,ITU estimate,,,,,,
Aruba,2004,23,4,ITU estimate,,,,,,
Bahamas,2004,22,4,ITU estimate,,,,,,
Bangladesh,2004,0.199036,4,ITU estimate,,,,,,
Belize,2004,9.8,4,ITU estimate,,,,,,
Central African Republic,2004,0.223401,4,ITU estimate,,,,,,
Comoros,2004,1.32733,4,ITU estimate,,,,,,
Congo (Republic of the),2004,1.0775,4,ITU estimate,,,,,,
Cook Islands,2004,23.9936,4,ITU estimate,,,,,,
Democratic Republic of the Congo,2004,0.196208,4,ITU estimate,,,,,,
Dominica,2004,30.3196,4,ITU estimate,,,,,,
Falkland (Malvinas) Islands,2004,67.3174,4,ITU estimate,,,,,,
Faroe Islands,2004,66.5336,4,ITU estimate,,,,,,
Gibraltar,2004,32.8861,4,ITU estimate,,,,,,
Grenada,2004,19.5706,4,ITU estimate,,,,,,
Guyana,2004,3.7,4,ITU estimate,,,,,,
Haiti,2004,5.40126,4,ITU estimate,,,,,,
India,2004,1.97614,4,ITU estimate,,,,,,
Iran (Islamic Republic of),2004,7.49,4,ITU estimate,,,,,,
Iraq,2004,0.9,4,ITU estimate,,,,,,
Jamaica,2004,10,4,ITU estimate,,,,,,
Kiribati,2004,3.5,4,ITU estimate,,,,,,
Lebanon,2004,9,4,ITU estimate,,,,,,
Liberia,2004,0.0310112,4,ITU estimate,,,,,,
Madagascar,2004,0.525354,4,ITU estimate,,,,,,
Mauritius,2004,13.6891,4,ITU estimate,,,,,,
New Zealand,2004,61.8476,4,ITU estimate,,,,,,
Niger,2004,0.189934,4,ITU estimate,,,,,,
Sao Tome and Principe,2004,13.3229,4,ITU estimate,,,,,,
Somalia,2004,1.05345,4,ITU estimate,,,,,,
Syrian Arab Republic,2004,4.32159,4,ITU estimate,,,,,,
Togo,2004,1.5,4,ITU estimate,,,,,,
Tonga,2004,3.95237,4,ITU estimate,,,,,,
Trinidad and Tobago,2004,27.0243,4,ITU estimate,,,,,,
Tuvalu,2004,7.6,4,ITU estimate,,,,,,
United States,2004,64.7583,4,ITU estimate,,,,,,
Virgin Islands (US),2004,27.377,4,ITU estimate,,,,,,
Zambia,2004,1.1,4,ITU estimate,,,,,,
Zimbabwe,2004,2.1,4,ITU estimate,,,,,,
"China, Hong Kong Special Administrative Region",2004,56.3999,67,Population age 10+ who accessed Internet in previous year.,,,,,,
France,2004,39.15,113,"Population age 11+, used in the last month.",,,,,,
Morocco,2004,11.6079,198,Population age 12-65 using Internet at least once during the last month.,,,,,,
Singapore,2004,62,144,Population age 15+.,,,,,,
Türkiye,2004,14.58,275,Population age 16-74 in the last 12 months.,,,,,,
Lithuania,2004,31.23,163,Population age 16-74 using Internet in the last 12 months.,,,,,,
Spain,2004,44.01,163,Population age 16-74 using Internet in the last 12 months.,,,,,,
Netherlands (Kingdom of the),2004,68.52,109,Population age 16-74 using Internet in the last 3 months.,,,,,,
Estonia,2004,53.2,44,Population age 16-74.,,,,,,
Finland,2004,72.39,44,Population age 16-74.,,,,,,
Germany,2004,64.73,44,Population age 16-74.,,,,,,
Greece,2004,21.42,44,Population age 16-74.,,,,,,
Iceland,2004,83.88,44,Population age 16-74.,,,,,,
Ireland,2004,36.99,44,Population age 16-74.,,,,,,
Italy,2004,33.24,44,Population age 16-74.,,,,,,
Latvia,2004,38.58,44,Population age 16-74.,,,,,,
Luxembourg,2004,65.88,44,Population age 16-74.,,,,,,
North Macedonia,2004,24.44,44,Population age 16-74.,,,,,,
Norway,2004,77.69,44,Population age 16-74.,,,,,,
Poland,2004,32.53,44,Population age 16-74.,,,,,,
Portugal,2004,31.78,44,Population age 16-74.,,,,,,
Slovakia,2004,52.89,44,Population age 16-74.,,,,,,
Sweden,2004,83.89,44,Population age 16-74.,,,,,,
United Kingdom,2004,65.61,44,Population age 16-74.,,,,,,
Serbia,2004,23.5,205,Population age 16-74. ITU estimate.,,,,,,
Korea (Republic  of),2004,72.7,157,Population age 3+.,,,,,,
Honduras,2004,5.6,55,Population age 5+.,,,,,,
Mexico,2004,14.1,162,Population age 6+. ITU estimate.,,,,,,
Canada,2004,65.956,54,"Survey result, scope age unknown.",,,,,,
Afghanistan,2004,0.105809,,#N/A,,,,,,
Albania,2004,2.42039,,#N/A,,,,,,
Algeria,2004,4.63448,,#N/A,,,,,,
Andorra,2004,26.838,,#N/A,,,,,,
Angola,2004,0.464815,,#N/A,,,,,,
Antigua and Barbuda,2004,24.2665,,#N/A,,,,,,
Argentina,2004,16.0367,,#N/A,,,,,,
Armenia,2004,4.89901,,#N/A,,,,,,
Austria,2004,54.28,,#N/A,,,,,,
Bahrain,2004,21.4587,,#N/A,,,,,,
Barbados,2004,49.8,,#N/A,,,,,,
Belgium,2004,53.86,,#N/A,,,,,,
Benin,2004,1.18254,,#N/A,,,,,,
Bermuda,2004,60.9909,,#N/A,,,,,,
Bhutan,2004,3.15698,,#N/A,,,,,,
Bolivia (Plurinational State of),2004,4.43992,,#N/A,,,,,,
Bosnia and Herzegovina,2004,15.469,,#N/A,,,,,,
Botswana,2004,3.30489,,#N/A,,,,,,
Brazil,2004,19.0737,,#N/A,,,,,,
Brunei Darussalam,2004,29.7156,,#N/A,,,,,,
Bulgaria,2004,18.13,,#N/A,,,,,,
Burkina Faso,2004,0.400295,,#N/A,,,,,,
Burundi,2004,0.34906,,#N/A,,,,,,
Cabo Verde,2004,5.31883,,#N/A,,,,,,
Cambodia,2004,0.300437,,#N/A,,,,,,
Cameroon,2004,0.976075,,#N/A,,,,,,
Chad,2004,0.36092,,#N/A,,,,,,
China,2004,7.3,,#N/A,,,,,,
"China, Macao Special Administrative Region",2004,31.4841,,#N/A,,,,,,
Colombia,2004,9.11869,,#N/A,,,,,,
Costa Rica,2004,20.7923,,#N/A,,,,,,
Côte d'Ivoire,2004,0.849282,,#N/A,,,,,,
Croatia,2004,30.91,,#N/A,,,,,,
Cyprus,2004,33.83,,#N/A,,,,,,
Czech Republic,2004,35.5,,#N/A,,,,,,
Denmark,2004,80.93,,#N/A,,,,,,
Djibouti,2004,0.781317,,#N/A,,,,,,
Dominican Republic,2004,8.86555,,#N/A,,,,,,
Ecuador,2004,4.83444,,#N/A,,,,,,
Egypt,2004,11.92,,#N/A,,,,,,
Equatorial Guinea,2004,0.84393,,#N/A,,,,,,
Eswatini,2004,3.22869,,#N/A,,,,,,
Ethiopia,2004,0.155335,,#N/A,,,,,,
Fiji,2004,7.41294,,#N/A,,,,,,
French Guiana,2004,19.4984,,#N/A,,,,,,
French Polynesia,2004,17.8845,,#N/A,,,,,,
Gabon,2004,2.97907,,#N/A,,,,,,
Gambia,2004,3.308,,#N/A,,,,,,
Georgia,2004,3.88622,,#N/A,,,,,,
Ghana,2004,1.7168,,#N/A,,,,,,
Greenland,2004,56.099,,#N/A,,,,,,
Guadeloupe,2004,17.509,,#N/A,,,,,,
Guam,2004,36.1618,,#N/A,,,,,,
Guatemala,2004,5.1,,#N/A,,,,,,
Guernsey,2004,64.5161,,#N/A,,,,,,
Guinea,2004,0.508819,,#N/A,,,,,,
Guinea-Bissau,2004,1.80814,,#N/A,,,,,,
Hungary,2004,27.74,,#N/A,,,,,,
Indonesia,2004,2.60029,,#N/A,,,,,,
Israel,2004,22.7705,,#N/A,,,,,,
Jersey,2004,30.6818,,#N/A,,,,,,
Jordan,2004,11.6587,,#N/A,,,,,,
Kazakhstan,2004,2.65039,,#N/A,,,,,,
Kenya,2004,3.02353,,#N/A,,,,,,
Kuwait,2004,22.9271,,#N/A,,,,,,
Kyrgyzstan,2004,5.09039,,#N/A,,,,,,
Lao People's Democratic Republic,2004,0.361434,,#N/A,,,,,,
Lesotho,2004,2.17552,,#N/A,,,,,,
Libya,2004,3.53284,,#N/A,,,,,,
Liechtenstein,2004,64.0074,,#N/A,,,,,,
Malawi,2004,0.347505,,#N/A,,,,,,
Malaysia,2004,42.2523,,#N/A,,,,,,
Mali,2004,0.43282,,#N/A,,,,,,
Malta,2004,34.62,,#N/A,,,,,,
Marshall Islands,2004,3.59978,,#N/A,,,,,,
Martinique,2004,27.7843,,#N/A,,,,,,
Mauritania,2004,0.48147,,#N/A,,,,,,
Micronesia,2004,11.0179,,#N/A,,,,,,
Moldova,2004,10.6294,,#N/A,,,,,,
Monaco,2004,52.4902,,#N/A,,,,,,
Montenegro,2004,25.3501,,#N/A,,,,,,
Mozambique,2004,0.679448,,#N/A,,,,,,
Myanmar,2004,0.0243374,,#N/A,,,,,,
Namibia,2004,3.80472,,#N/A,,,,,,
Nepal (Republic of),2004,0.449844,,#N/A,,,,,,
New Caledonia,2004,30.298,,#N/A,,,,,,
Nicaragua,2004,2.32066,,#N/A,,,,,,
Nigeria,2004,1.28614,,#N/A,,,,,,
Niue,2004,47.3373,,#N/A,,,,,,
Oman,2004,6.75885,,#N/A,,,,,,
Pakistan,2004,6.16432,,#N/A,,,,,,
Palau,2004,26.9703,,#N/A,,,,,,
Panama,2004,11.1409,,#N/A,,,,,,
Papua New Guinea,2004,1.50791,,#N/A,,,,,,
Paraguay,2004,3.45244,,#N/A,,,,,,
Philippines,2004,5.24363,,#N/A,,,,,,
Puerto Rico,2004,22.1307,,#N/A,,,,,,
Qatar,2004,20.7016,,#N/A,,,,,,
Réunion,2004,25.89,,#N/A,,,,,,
Romania,2004,15,,#N/A,,,,,,
Russian Federation,2004,12.8594,,#N/A,,,,,,
Rwanda,2004,0.430854,,#N/A,,,,,,
Saint Kitts and Nevis,2004,24.7377,,#N/A,,,,,,
Saint Lucia,2004,21.3952,,#N/A,,,,,,
Samoa,2004,3.07553,,#N/A,,,,,,
San Marino,2004,50.5663,,#N/A,,,,,,
Saudi Arabia,2004,10.2345,,#N/A,,,,,,
Senegal,2004,4.38602,,#N/A,,,,,,
Seychelles,2004,24.2721,,#N/A,,,,,,
Sierra Leone,2004,0.203008,,#N/A,,,,,,
Slovenia,2004,40.81,,#N/A,,,,,,
Solomon Islands,2004,0.649673,,#N/A,,,,,,
South Africa,2004,8.42512,,#N/A,,,,,,
Sri Lanka,2004,1.44616,,#N/A,,,,,,
St. Helena,2004,14.6229,,#N/A,,,,,,
State of Palestine,2004,4.4009,,#N/A,,,,,,
Sudan,2004,0.791562,,#N/A,,,,,,
Suriname,2004,6.07605,,#N/A,,,,,,
Tajikistan,2004,0.0774799,,#N/A,,,,,,
Tanzania,2004,0.877575,,#N/A,,,,,,
Thailand,2004,10.6773,,#N/A,,,,,,
Tunisia,2004,8.52882,,#N/A,,,,,,
Turkmenistan,2004,0.754054,,#N/A,,,,,,
Uganda,2004,0.719971,,#N/A,,,,,,
Ukraine,2004,3.48948,,#N/A,,,,,,
United Arab Emirates,2004,30.1313,,#N/A,,,,,,
Uruguay,2004,17.0631,,#N/A,,,,,,
Uzbekistan,2004,2.59373,,#N/A,,,,,,
Vanuatu,2004,4.7466,,#N/A,,,,,,
Venezuela,2004,8.40447,,#N/A,,,,,,
Viet Nam,2004,7.64241,,#N/A,,,,,,
Wallis and Futuna,2004,6.05979,,#N/A,,,,,,
Yemen,2004,0.881223,,#N/A,,,,,,
Democratic People's Republic of Korea,2003,0,88,Commercially not available. Local Intranet available in country.,,,,,,
Maldives,2003,5.97659,169,Country estimate based on the assumption that every connection (except leased lines) serves 4 users (average household size is 6) and a leased line serves 10 users. Excl. mobile Internet users.,,,,,,
India,2003,1.68649,137,December.,,,,,,
Saint Vincent and the Grenadines,2003,6.46227,43,Estimate.,,,,,,
Mexico,2003,12.9,186,Estimated based on 2002 and 2004 surveys' results. Population age 6+. ITU estimate.,,,,,,
El Salvador,2003,2.5,104,Estimated based on Survey results. Population age 10+. ITU estimate.,,,,,,
Honduras,2003,4.8,131,Estimated based on Survey's results. Population age 5+. ITU estimate.,,,,,,
Switzerland,2003,65.1,268,In the last 6 months. Population age 14+.,,,,,,
Korea (Republic  of),2003,65.5,158,In the last month. Population age 3+.,,,,,,
Cuba,2003,5.24127,82,Incl. users of the international network and also those having access only to the Cuban network.,,,,,,
Anguilla,2003,24.5234,4,ITU estimate,,,,,,
Antigua and Barbuda,2003,17.2286,4,ITU estimate,,,,,,
Aruba,2003,20.8,4,ITU estimate,,,,,,
Bahamas,2003,20,4,ITU estimate,,,,,,
Bangladesh,2003,0.163878,4,ITU estimate,,,,,,
Bosnia and Herzegovina,2003,3.96504,4,ITU estimate,,,,,,
Central African Republic,2003,0.151563,4,ITU estimate,,,,,,
Comoros,2003,0.848189,4,ITU estimate,,,,,,
Congo (Republic of the),2003,0.460014,4,ITU estimate,,,,,,
Cook Islands,2003,22.8696,4,ITU estimate,,,,,,
Democratic Republic of the Congo,2003,0.134915,4,ITU estimate,,,,,,
Dominica,2003,23.6204,4,ITU estimate,,,,,,
Falkland (Malvinas) Islands,2003,64.0162,4,ITU estimate,,,,,,
Faroe Islands,2003,58.9126,4,ITU estimate,,,,,,
Gibraltar,2003,28.3258,4,ITU estimate,,,,,,
Grenada,2003,18.6452,4,ITU estimate,,,,,,
Guyana,2003,2.4,4,ITU estimate,,,,,,
Haiti,2003,1.64736,4,ITU estimate,,,,,,
Iraq,2003,0.6,4,ITU estimate,,,,,,
Jamaica,2003,7.8,4,ITU estimate,,,,,,
Kiribati,2003,3,4,ITU estimate,,,,,,
Latvia,2003,26.98,4,ITU estimate,,,,,,
Lebanon,2003,8,4,ITU estimate,,,,,,
Liberia,2003,0.0318689,4,ITU estimate,,,,,,
Madagascar,2003,0.423252,4,ITU estimate,,,,,,
Mauritius,2003,12.1871,4,ITU estimate,,,,,,
New Zealand,2003,60.9625,4,ITU estimate,,,,,,
Niger,2003,0.155699,4,ITU estimate,,,,,,
Sao Tome and Principe,2003,10.1618,4,ITU estimate,,,,,,
Somalia,2003,0.376198,4,ITU estimate,,,,,,
Syrian Arab Republic,2003,3.39797,4,ITU estimate,,,,,,
Togo,2003,1.2,4,ITU estimate,,,,,,
Tonga,2003,2.98582,4,ITU estimate,,,,,,
Trinidad and Tobago,2003,25.9718,4,ITU estimate,,,,,,
Turkmenistan,2003,0.425183,4,ITU estimate,,,,,,
Tuvalu,2003,6.9,4,ITU estimate,,,,,,
United States,2003,61.6971,4,ITU estimate,,,,,,
Virgin Islands (US),2003,27.4291,4,ITU estimate,,,,,,
Zimbabwe,2003,1.8,4,ITU estimate,,,,,,
Colombia,2003,7.38892,75,June.,,,,,,
Japan,2003,48.4353,153,PC-based only.,,,,,,
"China, Hong Kong Special Administrative Region",2003,52.2,67,Population age 10+ who accessed Internet in previous year.,,,,,,
France,2003,36.14,113,"Population age 11+, used in the last month.",,,,,,
Lithuania,2003,25.91,109,Population age 16-74 using Internet in the last 3 months.,,,,,,
Netherlands (Kingdom of the),2003,64.35,109,Population age 16-74 using Internet in the last 3 months.,,,,,,
Spain,2003,39.93,109,Population age 16-74 using Internet in the last 3 months.,,,,,,
Finland,2003,69.22,44,Population age 16-74.,,,,,,
Germany,2003,55.9,44,Population age 16-74.,,,,,,
Greece,2003,17.8,44,Population age 16-74.,,,,,,
Iceland,2003,83.14,44,Population age 16-74.,,,,,,
Ireland,2003,34.31,44,Population age 16-74.,,,,,,
Italy,2003,29.04,44,Population age 16-74.,,,,,,
Luxembourg,2003,54.55,44,Population age 16-74.,,,,,,
Norway,2003,78.13,44,Population age 16-74.,,,,,,
Portugal,2003,29.67,44,Population age 16-74.,,,,,,
Sweden,2003,79.13,44,Population age 16-74.,,,,,,
United Kingdom,2003,64.82,44,Population age 16-74.,,,,,,
Türkiye,2003,12.33,205,Population age 16-74. ITU estimate.,,,,,,
Canada,2003,64.2,54,"Survey result, scope age unknown.",,,,,,
Afghanistan,2003,0.0878913,,#N/A,,,,,,
Albania,2003,0.9719,,#N/A,,,,,,
Algeria,2003,2.19536,,#N/A,,,,,,
Andorra,2003,13.5464,,#N/A,,,,,,
Angola,2003,0.370682,,#N/A,,,,,,
Argentina,2003,11.9137,,#N/A,,,,,,
Armenia,2003,4.57522,,#N/A,,,,,,
Austria,2003,42.7,,#N/A,,,,,,
Bahrain,2003,21.5549,,#N/A,,,,,,
Barbados,2003,39.6896,,#N/A,,,,,,
Belgium,2003,49.97,,#N/A,,,,,,
Benin,2003,0.951327,,#N/A,,,,,,
Bermuda,2003,56.522,,#N/A,,,,,,
Bhutan,2003,2.43691,,#N/A,,,,,,
Bolivia (Plurinational State of),2003,3.5086,,#N/A,,,,,,
Botswana,2003,3.34519,,#N/A,,,,,,
Brazil,2003,13.2076,,#N/A,,,,,,
Brunei Darussalam,2003,19.595,,#N/A,,,,,,
Bulgaria,2003,12.04,,#N/A,,,,,,
Burkina Faso,2003,0.37344,,#N/A,,,,,,
Burundi,2003,0.201273,,#N/A,,,,,,
Cabo Verde,2003,4.32489,,#N/A,,,,,,
Cambodia,2003,0.26057,,#N/A,,,,,,
Cameroon,2003,0.587623,,#N/A,,,,,,
Chad,2003,0.320309,,#N/A,,,,,,
Chile,2003,25.4738,,#N/A,,,,,,
China,2003,6.2,,#N/A,,,,,,
"China, Macao Special Administrative Region",2003,25.7421,,#N/A,,,,,,
Costa Rica,2003,20.3336,,#N/A,,,,,,
Côte d'Ivoire,2003,0.75867,,#N/A,,,,,,
Croatia,2003,22.75,,#N/A,,,,,,
Cyprus,2003,30.09,,#N/A,,,,,,
Czech Republic,2003,34.3,,#N/A,,,,,,
Denmark,2003,76.26,,#N/A,,,,,,
Djibouti,2003,0.62594,,#N/A,,,,,,
Dominican Republic,2003,7.89839,,#N/A,,,,,,
Ecuador,2003,4.46023,,#N/A,,,,,,
Egypt,2003,4.03789,,#N/A,,,,,,
Equatorial Guinea,2003,0.520524,,#N/A,,,,,,
Estonia,2003,45.32,,#N/A,,,,,,
Eswatini,2003,2.43707,,#N/A,,,,,,
Ethiopia,2003,0.105812,,#N/A,,,,,,
Fiji,2003,6.72543,,#N/A,,,,,,
French Guiana,2003,16.551,,#N/A,,,,,,
French Polynesia,2003,14.1243,,#N/A,,,,,,
Gabon,2003,2.65959,,#N/A,,,,,,
Gambia,2003,2.43678,,#N/A,,,,,,
Georgia,2003,2.55882,,#N/A,,,,,,
Ghana,2003,1.19306,,#N/A,,,,,,
Greenland,2003,54.5343,,#N/A,,,,,,
Guadeloupe,2003,14.1222,,#N/A,,,,,,
Guam,2003,33.7167,,#N/A,,,,,,
Guatemala,2003,4.54885,,#N/A,,,,,,
Guernsey,2003,59.1398,,#N/A,,,,,,
Guinea,2003,0.45096,,#N/A,,,,,,
Guinea-Bissau,2003,1.3542,,#N/A,,,,,,
Hungary,2003,21.63,,#N/A,,,,,,
Indonesia,2003,2.38702,,#N/A,,,,,,
Iran (Islamic Republic of),2003,6.93372,,#N/A,,,,,,
Israel,2003,19.5934,,#N/A,,,,,,
Jersey,2003,22.7273,,#N/A,,,,,,
Jordan,2003,8.46601,,#N/A,,,,,,
Kazakhstan,2003,2.00041,,#N/A,,,,,,
Kenya,2003,2.9419,,#N/A,,,,,,
Kuwait,2003,22.4029,,#N/A,,,,,,
Kyrgyzstan,2003,3.90877,,#N/A,,,,,,
Lao People's Democratic Republic,2003,0.333912,,#N/A,,,,,,
Lesotho,2003,1.5325,,#N/A,,,,,,
Libya,2003,2.81452,,#N/A,,,,,,
Liechtenstein,2003,58.8097,,#N/A,,,,,,
Malawi,2003,0.278815,,#N/A,,,,,,
Malaysia,2003,34.9712,,#N/A,,,,,,
Mali,2003,0.310364,,#N/A,,,,,,
Malta,2003,31.64,,#N/A,,,,,,
Marshall Islands,2003,2.56975,,#N/A,,,,,,
Martinique,2003,20.3326,,#N/A,,,,,,
Mauritania,2003,0.424005,,#N/A,,,,,,
Micronesia,2003,9.2325,,#N/A,,,,,,
Moldova,2003,7.40754,,#N/A,,,,,,
Monaco,2003,49.4912,,#N/A,,,,,,
Morocco,2003,3.35337,,#N/A,,,,,,
Mozambique,2003,0.419539,,#N/A,,,,,,
Myanmar,2003,0.0240641,,#N/A,,,,,,
Namibia,2003,3.35984,,#N/A,,,,,,
Nepal (Republic of),2003,0.382811,,#N/A,,,,,,
New Caledonia,2003,26.4083,,#N/A,,,,,,
Nicaragua,2003,1.88041,,#N/A,,,,,,
Nigeria,2003,0.558576,,#N/A,,,,,,
Niue,2003,43.1282,,#N/A,,,,,,
North Macedonia,2003,19.07,,#N/A,,,,,,
Oman,2003,7.25574,,#N/A,,,,,,
Pakistan,2003,5.04116,,#N/A,,,,,,
Palau,2003,21.6015,,#N/A,,,,,,
Panama,2003,9.98742,,#N/A,,,,,,
Papua New Guinea,2003,1.3744,,#N/A,,,,,,
Paraguay,2003,2.11194,,#N/A,,,,,,
Peru,2003,11.6,,#N/A,,,,,,
Philippines,2003,4.85767,,#N/A,,,,,,
Poland,2003,24.87,,#N/A,,,,,,
Puerto Rico,2003,19.707,,#N/A,,,,,,
Qatar,2003,19.2423,,#N/A,,,,,,
Réunion,2003,23.6682,,#N/A,,,,,,
Romania,2003,8.9,,#N/A,,,,,,
Russian Federation,2003,8.29886,,#N/A,,,,,,
Rwanda,2003,0.356918,,#N/A,,,,,,
Saint Kitts and Nevis,2003,22.9698,,#N/A,,,,,,
Saint Lucia,2003,20.9825,,#N/A,,,,,,
Samoa,2003,2.79963,,#N/A,,,,,,
San Marino,2003,50.0035,,#N/A,,,,,,
Saudi Arabia,2003,8.00158,,#N/A,,,,,,
Senegal,2003,2.10144,,#N/A,,,,,,
Seychelles,2003,14.5925,,#N/A,,,,,,
Sierra Leone,2003,0.190173,,#N/A,,,,,,
Singapore,2003,53.8379,,#N/A,,,,,,
Slovakia,2003,43.04,,#N/A,,,,,,
Slovenia,2003,31.8548,,#N/A,,,,,,
Solomon Islands,2003,0.55561,,#N/A,,,,,,
South Africa,2003,7.00769,,#N/A,,,,,,
Sri Lanka,2003,1.45858,,#N/A,,,,,,
St. Helena,2003,12.3381,,#N/A,,,,,,
State of Palestine,2003,4.13062,,#N/A,,,,,,
Sudan,2003,0.538472,,#N/A,,,,,,
Suriname,2003,4.71988,,#N/A,,,,,,
Tajikistan,2003,0.0645838,,#N/A,,,,,,
Tanzania,2003,0.676963,,#N/A,,,,,,
Thailand,2003,9.29903,,#N/A,,,,,,
Tokelau,2003,1.49589,,#N/A,,,,,,
Tunisia,2003,6.49085,,#N/A,,,,,,
Uganda,2003,0.46485,,#N/A,,,,,,
Ukraine,2003,3.14813,,#N/A,,,,,,
United Arab Emirates,2003,29.478,,#N/A,,,,,,
Uruguay,2003,15.9371,,#N/A,,,,,,
Uzbekistan,2003,1.9126,,#N/A,,,,,,
Vanuatu,2003,3.9033,,#N/A,,,,,,
Venezuela,2003,7.49996,,#N/A,,,,,,
Viet Nam,2003,3.78028,,#N/A,,,,,,
Wallis and Futuna,2003,5.74169,,#N/A,,,,,,
Yemen,2003,0.604734,,#N/A,,,,,,
Zambia,2003,0.980483,,#N/A,,,,,,
Ireland,2002,25.85,143,age 15+.,,,,,,
Oman,2002,6.8734,208,"Based on the number of Internet subscriptions, a multiplier of 3.54 was used to estimate the proportion of Internet users.",,,,,,
Iceland,2002,79.12,133,"Break in comparability, from this year on data based on Eurostat.",,,,,,
Democratic People's Republic of Korea,2002,0,88,Commercially not available. Local Intranet available in country.,,,,,,
Maldives,2002,5.34777,169,Country estimate based on the assumption that every connection (except leased lines) serves 4 users (average household size is 6) and a leased line serves 10 users. Excl. mobile Internet users.,,,,,,
Bahamas,2002,18,18,Estimated based on 3 times the number of subscribers.,,,,,,
El Salvador,2002,1.9,104,Estimated based on Survey results. Population age 10+. ITU estimate.,,,,,,
Chile,2002,22.1,56,Estimated based on surveys' results. ITU estimate.,,,,,,
Saint Vincent and the Grenadines,2002,5.54959,245,"Estimation based on GPRS subscribers, fixed and mobile.",,,,,,
Switzerland,2002,61.4,268,In the last 6 months. Population age 14+.,,,,,,
Korea (Republic  of),2002,59.4,158,In the last month. Population age 3+.,,,,,,
Cuba,2002,3.77059,82,Incl. users of the international network and also those having access only to the Cuban network.,,,,,,
Aruba,2002,18.8,4,ITU estimate,,,,,,
Bangladesh,2002,0.13992,4,ITU estimate,,,,,,
Barbados,2002,27.8363,4,ITU estimate,,,,,,
Belize,2002,5.68425,4,ITU estimate,,,,,,
Cabo Verde,2002,3.51876,4,ITU estimate,,,,,,
Cook Islands,2002,20.0189,4,ITU estimate,,,,,,
Democratic Republic of the Congo,2002,0.0927907,4,ITU estimate,,,,,,
Gibraltar,2002,23.6702,4,ITU estimate,,,,,,
Guyana,2002,1.5,4,ITU estimate,,,,,,
Iraq,2002,0.5,4,ITU estimate,,,,,,
Jamaica,2002,6.1,4,ITU estimate,,,,,,
Kiribati,2002,2.5,4,ITU estimate,,,,,,
Latvia,2002,21.94,4,ITU estimate,,,,,,
Lebanon,2002,7,4,ITU estimate,,,,,,
New Zealand,2002,59.0808,4,ITU estimate,,,,,,
Norway,2002,72.84,4,ITU estimate,,,,,,
Somalia,2002,0.115614,4,ITU estimate,,,,,,
Togo,2002,1,4,ITU estimate,,,,,,
Trinidad and Tobago,2002,21.9987,4,ITU estimate,,,,,,
Turkmenistan,2002,0.302132,4,ITU estimate,,,,,,
Tuvalu,2002,6.3,4,ITU estimate,,,,,,
United States,2002,58.7854,4,ITU estimate,,,,,,
Zimbabwe,2002,1.1,4,ITU estimate,,,,,,
Japan,2002,46.5942,153,PC-based only.,,,,,,
"China, Hong Kong Special Administrative Region",2002,43.0824,67,Population age 10+ who accessed Internet in previous year.,,,,,,
France,2002,30.18,113,"Population age 11+, used in the last month.",,,,,,
Mauritius,2002,10.2526,164,Population age 12+.,,,,,,
Finland,2002,62.43,109,Population age 16-74 using Internet in the last 3 months.,,,,,,
Germany,2002,48.82,109,Population age 16-74 using Internet in the last 3 months.,,,,,,
Lithuania,2002,17.69,109,Population age 16-74 using Internet in the last 3 months.,,,,,,
Netherlands (Kingdom of the),2002,61.29,109,Population age 16-74 using Internet in the last 3 months.,,,,,,
Portugal,2002,19.37,109,Population age 16-74 using Internet in the last 3 months.,,,,,,
Spain,2002,20.39,109,Population age 16-74 using Internet in the last 3 months.,,,,,,
United Kingdom,2002,56.48,109,Population age 16-74 using Internet in the last 3 months.,,,,,,
Greece,2002,14.67,124,"Population age 16-74, in the last 3 months.",,,,,,
Italy,2002,28.04,124,"Population age 16-74, in the last 3 months.",,,,,,
Luxembourg,2002,39.84,124,"Population age 16-74, in the last 3 months.",,,,,,
Sweden,2002,70.57,124,"Population age 16-74, in the last 3 months.",,,,,,
Türkiye,2002,11.38,205,Population age 16-74. ITU estimate.,,,,,,
Mexico,2002,11.9,162,Population age 6+. ITU estimate.,,,,,,
Canada,2002,61.5933,54,"Survey result, scope age unknown.",,,,,,
Afghanistan,2002,0.0045614,,#N/A,,,,,,
Albania,2002,0.390081,,#N/A,,,,,,
Algeria,2002,1.59164,,#N/A,,,,,,
Andorra,2002,11.2605,,#N/A,,,,,,
Angola,2002,0.270377,,#N/A,,,,,,
Anguilla,2002,24.8036,,#N/A,,,,,,
Antigua and Barbuda,2002,12.5,,#N/A,,,,,,
Argentina,2002,10.8821,,#N/A,,,,,,
Armenia,2002,1.96041,,#N/A,,,,,,
Austria,2002,36.56,,#N/A,,,,,,
Azerbaijan,2002,4.99971,,#N/A,,,,,,
Bahrain,2002,18.0507,,#N/A,,,,,,
Belarus,2002,8.95097,,#N/A,,,,,,
Belgium,2002,46.33,,#N/A,,,,,,
Benin,2002,0.702946,,#N/A,,,,,,
Bermuda,2002,52.0316,,#N/A,,,,,,
Bhutan,2002,1.6758,,#N/A,,,,,,
Bolivia (Plurinational State of),2002,3.11719,,#N/A,,,,,,
Bosnia and Herzegovina,2002,2.64827,,#N/A,,,,,,
Botswana,2002,3.38592,,#N/A,,,,,,
Brazil,2002,9.14943,,#N/A,,,,,,
British Virgin Islands,2002,18.8857,,#N/A,,,,,,
Brunei Darussalam,2002,15.3299,,#N/A,,,,,,
Bulgaria,2002,9.08,,#N/A,,,,,,
Burkina Faso,2002,0.200993,,#N/A,,,,,,
Burundi,2002,0.118228,,#N/A,,,,,,
Cambodia,2002,0.226983,,#N/A,,,,,,
Cameroon,2002,0.360872,,#N/A,,,,,,
Central African Republic,2002,0.128537,,#N/A,,,,,,
Chad,2002,0.16607,,#N/A,,,,,,
China,2002,4.5957,,#N/A,,,,,,
"China, Macao Special Administrative Region",2002,25.1719,,#N/A,,,,,,
Colombia,2002,4.6,,#N/A,,,,,,
Comoros,2002,0.55487,,#N/A,,,,,,
Congo (Republic of the),2002,0.15725,,#N/A,,,,,,
Costa Rica,2002,19.8949,,#N/A,,,,,,
Côte d'Ivoire,2002,0.497929,,#N/A,,,,,,
Croatia,2002,17.76,,#N/A,,,,,,
Cyprus,2002,28.32,,#N/A,,,,,,
Czech Republic,2002,23.93,,#N/A,,,,,,
Denmark,2002,64.25,,#N/A,,,,,,
Djibouti,2002,0.486972,,#N/A,,,,,,
Dominica,2002,18.4249,,#N/A,,,,,,
Dominican Republic,2002,6.82373,,#N/A,,,,,,
Ecuador,2002,4.2608,,#N/A,,,,,,
Egypt,2002,2.72,,#N/A,,,,,,
Equatorial Guinea,2002,0.321198,,#N/A,,,,,,
Eritrea,2002,0.22709,,#N/A,,,,,,
Estonia,2002,41.52,,#N/A,,,,,,
Eswatini,2002,1.8162,,#N/A,,,,,,
Ethiopia,2002,0.0724023,,#N/A,,,,,,
Falkland (Malvinas) Islands,2002,64.1458,,#N/A,,,,,,
Faroe Islands,2002,53.2992,,#N/A,,,,,,
Fiji,2002,6.15265,,#N/A,,,,,,
French Guiana,2002,13.9242,,#N/A,,,,,,
French Polynesia,2002,8.20022,,#N/A,,,,,,
Gabon,2002,1.93953,,#N/A,,,,,,
Gambia,2002,1.79678,,#N/A,,,,,,
Georgia,2002,1.58788,,#N/A,,,,,,
Ghana,2002,0.830284,,#N/A,,,,,,
Greenland,2002,44.1548,,#N/A,,,,,,
Grenada,2002,14.7588,,#N/A,,,,,,
Guadeloupe,2002,11.3506,,#N/A,,,,,,
Guam,2002,31.1923,,#N/A,,,,,,
Guatemala,2002,3.39175,,#N/A,,,,,,
Guernsey,2002,53.5714,,#N/A,,,,,,
Guinea,2002,0.402023,,#N/A,,,,,,
Guinea-Bissau,2002,1.02299,,#N/A,,,,,,
Haiti,2002,0.893433,,#N/A,,,,,,
Honduras,2002,2.5974,,#N/A,,,,,,
Hungary,2002,16.67,,#N/A,,,,,,
India,2002,1.53788,,#N/A,,,,,,
Indonesia,2002,2.13414,,#N/A,,,,,,
Iran (Islamic Republic of),2002,4.62618,,#N/A,,,,,,
Israel,2002,17.7646,,#N/A,,,,,,
Jersey,2002,19.4064,,#N/A,,,,,,
Jordan,2002,6.02553,,#N/A,,,,,,
Kazakhstan,2002,1.67477,,#N/A,,,,,,
Kenya,2002,1.20777,,#N/A,,,,,,
Kuwait,2002,10.249,,#N/A,,,,,,
Kyrgyzstan,2002,2.99927,,#N/A,,,,,,
Lao People's Democratic Republic,2002,0.267899,,#N/A,,,,,,
Lesotho,2002,1.08394,,#N/A,,,,,,
Liberia,2002,0.0327133,,#N/A,,,,,,
Libya,2002,2.24442,,#N/A,,,,,,
Liechtenstein,2002,59.4707,,#N/A,,,,,,
Madagascar,2002,0.33972,,#N/A,,,,,,
Malawi,2002,0.215095,,#N/A,,,,,,
Malaysia,2002,32.3382,,#N/A,,,,,,
Mali,2002,0.227046,,#N/A,,,,,,
Malta,2002,28.92,,#N/A,,,,,,
Marshall Islands,2002,2.33544,,#N/A,,,,,,
Martinique,2002,15.3529,,#N/A,,,,,,
Mauritania,2002,0.363229,,#N/A,,,,,,
Micronesia,2002,5.5701,,#N/A,,,,,,
Moldova,2002,3.78724,,#N/A,,,,,,
Monaco,2002,48.0471,,#N/A,,,,,,
Mongolia,2002,2.03957,,#N/A,,,,,,
Morocco,2002,2.37325,,#N/A,,,,,,
Mozambique,2002,0.259613,,#N/A,,,,,,
Myanmar,2002,0.000426494,,#N/A,,,,,,
Namibia,2002,2.6337,,#N/A,,,,,,
Nepal (Republic of),2002,0.312956,,#N/A,,,,,,
New Caledonia,2002,22.3898,,#N/A,,,,,,
Nicaragua,2002,1.71473,,#N/A,,,,,,
Niger,2002,0.127152,,#N/A,,,,,,
Nigeria,2002,0.320462,,#N/A,,,,,,
Niue,2002,39.1499,,#N/A,,,,,,
North Macedonia,2002,17.33,,#N/A,,,,,,
Pakistan,2002,2.57743,,#N/A,,,,,,
Palau,2002,20.2439,,#N/A,,,,,,
Panama,2002,8.51808,,#N/A,,,,,,
Papua New Guinea,2002,1.32166,,#N/A,,,,,,
Paraguay,2002,1.79497,,#N/A,,,,,,
Peru,2002,8.96695,,#N/A,,,,,,
Philippines,2002,4.33228,,#N/A,,,,,,
Poland,2002,21.15,,#N/A,,,,,,
Puerto Rico,2002,17.5476,,#N/A,,,,,,
Qatar,2002,10.2261,,#N/A,,,,,,
Réunion,2002,20.0457,,#N/A,,,,,,
Romania,2002,6.58,,#N/A,,,,,,
Russian Federation,2002,4.12827,,#N/A,,,,,,
Rwanda,2002,0.292785,,#N/A,,,,,,
Saint Kitts and Nevis,2002,21.1524,,#N/A,,,,,,
Saint Lucia,2002,14.6418,,#N/A,,,,,,
Samoa,2002,2.24483,,#N/A,,,,,,
San Marino,2002,50.8348,,#N/A,,,,,,
Sao Tome and Principe,2002,7.58067,,#N/A,,,,,,
Saudi Arabia,2002,6.38471,,#N/A,,,,,,
Senegal,2002,1.00645,,#N/A,,,,,,
Seychelles,2002,14.3042,,#N/A,,,,,,
Sierra Leone,2002,0.176199,,#N/A,,,,,,
Singapore,2002,47,,#N/A,,,,,,
Slovakia,2002,40.14,,#N/A,,,,,,
Slovenia,2002,27.8389,,#N/A,,,,,,
Solomon Islands,2002,0.50192,,#N/A,,,,,,
South Africa,2002,6.71032,,#N/A,,,,,,
Sri Lanka,2002,1.05042,,#N/A,,,,,,
St. Helena,2002,10.1256,,#N/A,,,,,,
State of Palestine,2002,3.10009,,#N/A,,,,,,
Sudan,2002,0.439478,,#N/A,,,,,,
Suriname,2002,4.16157,,#N/A,,,,,,
Syrian Arab Republic,2002,2.0931,,#N/A,,,,,,
Tajikistan,2002,0.0554628,,#N/A,,,,,,
Tanzania,2002,0.222484,,#N/A,,,,,,
Thailand,2002,7.53125,,#N/A,,,,,,
Timor-Leste,2002,0,,#N/A,,,,,,
Tonga,2002,2.9073,,#N/A,,,,,,
Tunisia,2002,5.25289,,#N/A,,,,,,
Uganda,2002,0.384094,,#N/A,,,,,,
Ukraine,2002,1.87389,,#N/A,,,,,,
United Arab Emirates,2002,28.3165,,#N/A,,,,,,
Uruguay,2002,11.4195,,#N/A,,,,,,
Uzbekistan,2002,1.08194,,#N/A,,,,,,
Vanuatu,2002,3.51004,,#N/A,,,,,,
Venezuela,2002,4.91045,,#N/A,,,,,,
Viet Nam,2002,1.855,,#N/A,,,,,,
Virgin Islands (US),2002,27.4944,,#N/A,,,,,,
Wallis and Futuna,2002,5.41785,,#N/A,,,,,,
Yemen,2002,0.518796,,#N/A,,,,,,
Zambia,2002,0.477751,,#N/A,,,,,,
Oman,2001,5.89384,208,"Based on the number of Internet subscriptions, a multiplier of 3.54 was used to estimate the proportion of Internet users.",,,,,,
Democratic People's Republic of Korea,2001,0,88,Commercially not available. Local Intranet available in country.,,,,,,
Maldives,2001,3.61729,169,Country estimate based on the assumption that every connection (except leased lines) serves 4 users (average household size is 6) and a leased line serves 10 users. Excl. mobile Internet users.,,,,,,
Seychelles,2001,11.0151,252,Data at 31st December 2001.,,,,,,
St. Helena,2001,7.98882,263,Dec.,,,,,,
Nepal (Republic of),2001,0.240015,200,December 2001.,,,,,,
Bahamas,2001,11.8,19,Estimated based on 3 times the number of subscribers. ITU estimate.,,,,,,
El Salvador,2001,1.5,104,Estimated based on Survey results. Population age 10+. ITU estimate.,,,,,,
Chile,2001,19.1,56,Estimated based on surveys' results. ITU estimate.,,,,,,
Saint Vincent and the Grenadines,2001,5.09481,245,"Estimation based on GPRS subscribers, fixed and mobile.",,,,,,
Switzerland,2001,55.1,268,In the last 6 months. Population age 14+.,,,,,,
Korea (Republic  of),2001,56.6,158,In the last month. Population age 3+.,,,,,,
Afghanistan,2001,0.00472257,4,ITU estimate,,,,,,
Antigua and Barbuda,2001,8.89929,4,ITU estimate,,,,,,
Aruba,2001,17.1,4,ITU estimate,,,,,,
Australia,2001,52.6893,4,ITU estimate,,,,,,
Bangladesh,2001,0.129808,4,ITU estimate,,,,,,
Barbados,2001,11.9365,4,ITU estimate,,,,,,
Cook Islands,2001,18.0832,4,ITU estimate,,,,,,
Democratic Republic of the Congo,2001,0.0114758,4,ITU estimate,,,,,,
Denmark,2001,42.9575,4,ITU estimate,,,,,,
Guyana,2001,1,4,ITU estimate,,,,,,
Iraq,2001,0.1,4,ITU estimate,,,,,,
Kiribati,2001,2.33746,4,ITU estimate,,,,,,
New Zealand,2001,53.241,4,ITU estimate,,,,,,
Norway,2001,64,4,ITU estimate,,,,,,
Somalia,2001,0.0790392,4,ITU estimate,,,,,,
Togo,2001,0.9,4,ITU estimate,,,,,,
Trinidad and Tobago,2001,15.3846,4,ITU estimate,,,,,,
Tuvalu,2001,5.7,4,ITU estimate,,,,,,
United States,2001,49.0808,4,ITU estimate,,,,,,
Spain,2001,18.1487,261,November. Population age 14+.,,,,,,
Japan,2001,38.5321,153,PC-based only.,,,,,,
"China, Hong Kong Special Administrative Region",2001,38.6714,67,Population age 10+ who accessed Internet in previous year.,,,,,,
France,2001,26.3259,113,"Population age 11+, used in the last month.",,,,,,
Luxembourg,2001,36.1634,164,Population age 12+.,,,,,,
Ireland,2001,23.1388,144,Population age 15+.,,,,,,
United Kingdom,2001,33.4811,288,Population age 16+ using the Internet in the last 3 months.,,,,,,
Türkiye,2001,5.18948,44,Population age 16-74.,,,,,,
Cuba,2001,1.07975,84,Refers only to users with access to the international network.,,,,,,
Austria,2001,39.1855,14,"Regular users of the Internet,",,,,,,
Canada,2001,60.2,54,"Survey result, scope age unknown.",,,,,,
Finland,2001,43.1054,110,Using at least one other Internet application besides e-mail in last 3 months. Population age 15+.,,,,,,
Albania,2001,0.325798,,#N/A,,,,,,
Algeria,2001,0.646114,,#N/A,,,,,,
Angola,2001,0.136014,,#N/A,,,,,,
Anguilla,2001,25.8844,,#N/A,,,,,,
Argentina,2001,9.78081,,#N/A,,,,,,
Armenia,2001,1.63109,,#N/A,,,,,,
Ascension,2001,38.1679,,#N/A,,,,,,
Azerbaijan,2001,0.305565,,#N/A,,,,,,
Bahrain,2001,15.0386,,#N/A,,,,,,
Belarus,2001,4.30062,,#N/A,,,,,,
Belgium,2001,31.2884,,#N/A,,,,,,
Benin,2001,0.363418,,#N/A,,,,,,
Bermuda,2001,47.5097,,#N/A,,,,,,
Bhutan,2001,0.864629,,#N/A,,,,,,
Bolivia (Plurinational State of),2001,2.12046,,#N/A,,,,,,
Bosnia and Herzegovina,2001,1.20053,,#N/A,,,,,,
Botswana,2001,3.43089,,#N/A,,,,,,
Brazil,2001,4.52849,,#N/A,,,,,,
Brunei Darussalam,2001,12.9178,,#N/A,,,,,,
Bulgaria,2001,7.6123,,#N/A,,,,,,
Burkina Faso,2001,0.157732,,#N/A,,,,,,
Burundi,2001,0.106001,,#N/A,,,,,,
Cabo Verde,2001,2.68533,,#N/A,,,,,,
Cambodia,2001,0.0769561,,#N/A,,,,,,
Cameroon,2001,0.277051,,#N/A,,,,,,
Central African Republic,2001,0.0785434,,#N/A,,,,,,
Chad,2001,0.0459341,,#N/A,,,,,,
China,2001,2.63965,,#N/A,,,,,,
"China, Macao Special Administrative Region",2001,22.5212,,#N/A,,,,,,
Colombia,2001,2.8542,,#N/A,,,,,,
Comoros,2001,0.443068,,#N/A,,,,,,
Congo (Republic of the),2001,0.0322236,,#N/A,,,,,,
Costa Rica,2001,9.55948,,#N/A,,,,,,
Côte d'Ivoire,2001,0.395748,,#N/A,,,,,,
Croatia,2001,11.5586,,#N/A,,,,,,
Cyprus,2001,18.8188,,#N/A,,,,,,
Czech Republic,2001,14.6972,,#N/A,,,,,,
Djibouti,2001,0.343526,,#N/A,,,,,,
Dominica,2001,13.2452,,#N/A,,,,,,
Dominican Republic,2001,4.42939,,#N/A,,,,,,
Ecuador,2001,2.67044,,#N/A,,,,,,
Egypt,2001,0.838946,,#N/A,,,,,,
Equatorial Guinea,2001,0.16526,,#N/A,,,,,,
Eritrea,2001,0.157815,,#N/A,,,,,,
Estonia,2001,31.5275,,#N/A,,,,,,
Eswatini,2001,1.28159,,#N/A,,,,,,
Ethiopia,2001,0.0371624,,#N/A,,,,,,
Falkland (Malvinas) Islands,2001,64.6039,,#N/A,,,,,,
Faroe Islands,2001,43.247,,#N/A,,,,,,
Fiji,2001,1.85798,,#N/A,,,,,,
French Guiana,2001,11.624,,#N/A,,,,,,
French Polynesia,2001,6.25159,,#N/A,,,,,,
Gabon,2001,1.34762,,#N/A,,,,,,
Gambia,2001,1.33679,,#N/A,,,,,,
Georgia,2001,0.992344,,#N/A,,,,,,
Germany,2001,31.6509,,#N/A,,,,,,
Ghana,2001,0.200008,,#N/A,,,,,,
Gibraltar,2001,21.1711,,#N/A,,,,,,
Greece,2001,10.935,,#N/A,,,,,,
Greenland,2001,35.4641,,#N/A,,,,,,
Grenada,2001,5.1281,,#N/A,,,,,,
Guadeloupe,2001,9.20041,,#N/A,,,,,,
Guam,2001,25.3802,,#N/A,,,,,,
Guatemala,2001,1.7382,,#N/A,,,,,,
Guernsey,2001,44.4658,,#N/A,,,,,,
Guinea,2001,0.175542,,#N/A,,,,,,
Guinea-Bissau,2001,0.299569,,#N/A,,,,,,
Haiti,2001,0.340832,,#N/A,,,,,,
Honduras,2001,1.41528,,#N/A,,,,,,
Hungary,2001,14.5286,,#N/A,,,,,,
Iceland,2001,49.393,,#N/A,,,,,,
India,2001,0.660146,,#N/A,,,,,,
Indonesia,2001,2.01861,,#N/A,,,,,,
Iran (Islamic Republic of),2001,1.48422,,#N/A,,,,,,
Israel,2001,17.3786,,#N/A,,,,,,
Italy,2001,27.2221,,#N/A,,,,,,
Jamaica,2001,3.86302,,#N/A,,,,,,
Jersey,2001,16.0576,,#N/A,,,,,,
Jordan,2001,4.70572,,#N/A,,,,,,
Kazakhstan,2001,1.00612,,#N/A,,,,,,
Kenya,2001,0.619782,,#N/A,,,,,,
Kuwait,2001,8.55179,,#N/A,,,,,,
Kyrgyzstan,2001,3.00294,,#N/A,,,,,,
Lao People's Democratic Republic,2001,0.181664,,#N/A,,,,,,
Latvia,2001,7.21935,,#N/A,,,,,,
Lebanon,2001,6.78322,,#N/A,,,,,,
Lesotho,2001,0.26115,,#N/A,,,,,,
Liberia,2001,0.0338122,,#N/A,,,,,,
Libya,2001,0.366533,,#N/A,,,,,,
Liechtenstein,2001,45.1169,,#N/A,,,,,,
Lithuania,2001,7.17936,,#N/A,,,,,,
Madagascar,2001,0.222512,,#N/A,,,,,,
Malawi,2001,0.164021,,#N/A,,,,,,
Malaysia,2001,26.696,,#N/A,,,,,,
Mali,2001,0.185897,,#N/A,,,,,,
Malta,2001,17.8778,,#N/A,,,,,,
Marshall Islands,2001,1.70661,,#N/A,,,,,,
Martinique,2001,10.3094,,#N/A,,,,,,
Mauritania,2001,0.261449,,#N/A,,,,,,
Mauritius,2001,8.7809,,#N/A,,,,,,
Mexico,2001,7.03802,,#N/A,,,,,,
Micronesia,2001,4.66053,,#N/A,,,,,,
Moldova,2001,1.48781,,#N/A,,,,,,
Monaco,2001,46.6461,,#N/A,,,,,,
Mongolia,2001,1.65324,,#N/A,,,,,,
Morocco,2001,1.37144,,#N/A,,,,,,
Mozambique,2001,0.160032,,#N/A,,,,,,
Myanmar,2001,0.000289277,,#N/A,,,,,,
Namibia,2001,2.41698,,#N/A,,,,,,
Nauru,2001,2.98716,,#N/A,,,,,,
Netherlands (Kingdom of the),2001,49.3731,,#N/A,,,,,,
New Caledonia,2001,18.2371,,#N/A,,,,,,
Nicaragua,2001,1.4488,,#N/A,,,,,,
Niger,2001,0.105185,,#N/A,,,,,,
Nigeria,2001,0.0899014,,#N/A,,,,,,
Niue,2001,32.6619,,#N/A,,,,,,
North Macedonia,2001,3.46818,,#N/A,,,,,,
Pakistan,2001,1.31855,,#N/A,,,,,,
Panama,2001,7.2684,,#N/A,,,,,,
Papua New Guinea,2001,0.904104,,#N/A,,,,,,
Paraguay,2001,1.09879,,#N/A,,,,,,
Peru,2001,7.57876,,#N/A,,,,,,
Philippines,2001,2.52401,,#N/A,,,,,,
Poland,2001,9.90067,,#N/A,,,,,,
Portugal,2001,18.0871,,#N/A,,,,,,
Puerto Rico,2001,15.63,,#N/A,,,,,,
Qatar,2001,6.17027,,#N/A,,,,,,
Réunion,2001,16.3044,,#N/A,,,,,,
Romania,2001,4.53867,,#N/A,,,,,,
Russian Federation,2001,2.94437,,#N/A,,,,,,
Rwanda,2001,0.240672,,#N/A,,,,,,
Saint Kitts and Nevis,2001,7.71473,,#N/A,,,,,,
Saint Lucia,2001,8.18186,,#N/A,,,,,,
Samoa,2001,1.6899,,#N/A,,,,,,
San Marino,2001,50.3417,,#N/A,,,,,,
Sao Tome and Principe,2001,6.31092,,#N/A,,,,,,
Saudi Arabia,2001,4.68105,,#N/A,,,,,,
Senegal,2001,0.983794,,#N/A,,,,,,
Sierra Leone,2001,0.160264,,#N/A,,,,,,
Singapore,2001,41.6704,,#N/A,,,,,,
Slovakia,2001,12.5283,,#N/A,,,,,,
Slovenia,2001,30.1759,,#N/A,,,,,,
Solomon Islands,2001,0.468552,,#N/A,,,,,,
South Africa,2001,6.34662,,#N/A,,,,,,
Sri Lanka,2001,0.793822,,#N/A,,,,,,
State of Palestine,2001,1.83685,,#N/A,,,,,,
Sudan,2001,0.140185,,#N/A,,,,,,
Suriname,2001,3.06445,,#N/A,,,,,,
Sweden,2001,51.7657,,#N/A,,,,,,
Syrian Arab Republic,2001,0.353759,,#N/A,,,,,,
Tajikistan,2001,0.0512591,,#N/A,,,,,,
Tanzania,2001,0.1713,,#N/A,,,,,,
Thailand,2001,5.55633,,#N/A,,,,,,
Tonga,2001,2.82537,,#N/A,,,,,,
Tunisia,2001,4.29797,,#N/A,,,,,,
Turkmenistan,2001,0.17521,,#N/A,,,,,,
Uganda,2001,0.237945,,#N/A,,,,,,
Ukraine,2001,1.23876,,#N/A,,,,,,
United Arab Emirates,2001,26.2718,,#N/A,,,,,,
Uruguay,2001,11.1214,,#N/A,,,,,,
Uzbekistan,2001,0.597568,,#N/A,,,,,,
Vanuatu,2001,2.83057,,#N/A,,,,,,
Venezuela,2001,4.636,,#N/A,,,,,,
Viet Nam,2001,1.26565,,#N/A,,,,,,
Virgin Islands (US),2001,18.3758,,#N/A,,,,,,
Wallis and Futuna,2001,5.09269,,#N/A,,,,,,
Yemen,2001,0.0908025,,#N/A,,,,,,
Zambia,2001,0.23313,,#N/A,,,,,,
Zimbabwe,2001,0.799846,,#N/A,,,,,,
Oman,2000,3.52042,208,"Based on the number of Internet subscriptions, a multiplier of 3.54 was used to estimate the proportion of Internet users.",,,,,,
Democratic People's Republic of Korea,2000,0,88,Commercially not available. Local Intranet available in country.,,,,,,
Denmark,2000,39.1724,92,E-mail users.,,,,,,
Bahamas,2000,8,18,Estimated based on 3 times the number of subscribers.,,,,,,
Saint Vincent and the Grenadines,2000,3.24504,245,"Estimation based on GPRS subscribers, fixed and mobile.",,,,,,
Finland,2000,37.2485,111,Has used at least one other Internet application besides e-mail in last 3 months. Population age 15+.,,,,,,
Switzerland,2000,47.1,270,In the last 6 months. Population age 14+,,,,,,
Korea (Republic  of),2000,44.7,158,In the last month. Population age 3+.,,,,,,
Bangladesh,2000,0.0710394,4,ITU estimate,,,,,,
Cook Islands,2000,15.6561,4,ITU estimate,,,,,,
Guyana,2000,0.6,4,ITU estimate,,,,,,
Kiribati,2000,1.78523,4,ITU estimate,,,,,,
New Zealand,2000,47.3796,4,ITU estimate,,,,,,
Norway,2000,52,4,ITU estimate,,,,,,
Peru,2000,3.07643,4,ITU estimate,,,,,,
Seychelles,2000,7.39563,4,ITU estimate,,,,,,
Togo,2000,0.8,4,ITU estimate,,,,,,
United States,2000,43.0792,4,ITU estimate,,,,,,
Maldives,2000,2.20387,170,Not from official survey data. Country estimate based on the assumption that every connection (except leased lines) serves 4 users (average household size is 6) and a leased line serves 10 users. Mobile Internet users are not included.,,,,,,
Spain,2000,13.625,261,November. Population age 14+.,,,,,,
Japan,2000,29.9907,153,PC-based only.,,,,,,
"China, Hong Kong Special Administrative Region",2000,27.8278,67,Population age 10+ who accessed Internet in previous year.,,,,,,
France,2000,14.3079,114,Population age 15+ using internet in the last year.,,,,,,
Ireland,2000,17.8505,144,Population age 15+.,,,,,,
United Kingdom,2000,26.8218,289,Population age 16+ using internet in the last 3 months.,,,,,,
Türkiye,2000,3.76169,44,Population age 16-74.,,,,,,
Cuba,2000,0.541183,84,Refers only to users with access to the international network.,,,,,,
Austria,2000,33.7301,15,Regular users of the Internet.,,,,,,
Canada,2000,51.3,54,"Survey result, scope age unknown.",,,,,,
Albania,2000,0.114097,,#N/A,,,,,,
Algeria,2000,0.491706,,#N/A,,,,,,
Andorra,2000,10.5388,,#N/A,,,,,,
Angola,2000,0.105046,,#N/A,,,,,,
Anguilla,2000,22.4054,,#N/A,,,,,,
Antigua and Barbuda,2000,6.48223,,#N/A,,,,,,
Argentina,2000,7.03868,,#N/A,,,,,,
Armenia,2000,1.30047,,#N/A,,,,,,
Aruba,2000,15.4428,,#N/A,,,,,,
Ascension,2000,34.9379,,#N/A,,,,,,
Australia,2000,46.7561,,#N/A,,,,,,
Azerbaijan,2000,0.147758,,#N/A,,,,,,
Bahrain,2000,6.15373,,#N/A,,,,,,
Barbados,2000,3.97368,,#N/A,,,,,,
Belarus,2000,1.8604,,#N/A,,,,,,
Belgium,2000,29.4317,,#N/A,,,,,,
Belize,2000,5.96384,,#N/A,,,,,,
Benin,2000,0.225248,,#N/A,,,,,,
Bermuda,2000,42.9499,,#N/A,,,,,,
Bhutan,2000,0.400944,,#N/A,,,,,,
Bolivia (Plurinational State of),2000,1.44276,,#N/A,,,,,,
Bosnia and Herzegovina,2000,1.08296,,#N/A,,,,,,
Botswana,2000,2.90267,,#N/A,,,,,,
Brazil,2000,2.87069,,#N/A,,,,,,
Brunei Darussalam,2000,8.99628,,#N/A,,,,,,
Bulgaria,2000,5.37092,,#N/A,,,,,,
Burkina Faso,2000,0.0770802,,#N/A,,,,,,
Burundi,2000,0.0772484,,#N/A,,,,,,
Cabo Verde,2000,1.82244,,#N/A,,,,,,
Cambodia,2000,0.0470226,,#N/A,,,,,,
Cameroon,2000,0.25212,,#N/A,,,,,,
Central African Republic,2000,0.0533942,,#N/A,,,,,,
Chad,2000,0.0357071,,#N/A,,,,,,
Chile,2000,16.6,,#N/A,,,,,,
China,2000,1.77591,,#N/A,,,,,,
"China, Macao Special Administrative Region",2000,13.6086,,#N/A,,,,,,
Colombia,2000,2.20753,,#N/A,,,,,,
Comoros,2000,0.271741,,#N/A,,,,,,
Congo (Republic of the),2000,0.0263547,,#N/A,,,,,,
Costa Rica,2000,5.80025,,#N/A,,,,,,
Côte d'Ivoire,2000,0.231462,,#N/A,,,,,,
Croatia,2000,6.64488,,#N/A,,,,,,
Cyprus,2000,15.2554,,#N/A,,,,,,
Czech Republic,2000,9.78053,,#N/A,,,,,,
Democratic Republic of the Congo,2000,0.00590211,"89,90",#N/A,,,,,,
Djibouti,2000,0.194501,,#N/A,,,,,,
Dominica,2000,8.81484,,#N/A,,,,,,
Dominican Republic,2000,3.70469,,#N/A,,,,,,
Ecuador,2000,1.46219,,#N/A,,,,,,
Egypt,2000,0.641265,,#N/A,,,,,,
El Salvador,2000,1.1774,,#N/A,,,,,,
Equatorial Guinea,2000,0.132355,,#N/A,,,,,,
Eritrea,2000,0.136712,,#N/A,,,,,,
Estonia,2000,28.577,,#N/A,,,,,,
Eswatini,2000,0.926192,,#N/A,,,,,,
Ethiopia,2000,0.0152638,,#N/A,,,,,,
Falkland (Malvinas) Islands,2000,58.6207,,#N/A,,,,,,
Faroe Islands,2000,32.9164,,#N/A,,,,,,
Fiji,2000,1.49685,,#N/A,,,,,,
French Guiana,2000,9.68734,,#N/A,,,,,,
French Polynesia,2000,6.35706,,#N/A,,,,,,
Gabon,2000,1.21614,,#N/A,,,,,,
Gambia,2000,0.921795,,#N/A,,,,,,
Georgia,2000,0.484746,,#N/A,,,,,,
Germany,2000,30.2163,,#N/A,,,,,,
Ghana,2000,0.153615,,#N/A,,,,,,
Gibraltar,2000,19.1316,,#N/A,,,,,,
Greece,2000,9.13884,,#N/A,,,,,,
Greenland,2000,31.7478,,#N/A,,,,,,
Grenada,2000,4.06391,,#N/A,,,,,,
Guadeloupe,2000,5.82525,,#N/A,,,,,,
Guam,2000,16.1131,,#N/A,,,,,,
Guatemala,2000,0.712333,,#N/A,,,,,,
Guernsey,2000,31.8979,,#N/A,,,,,,
Guinea,2000,0.0954249,,#N/A,,,,,,
Guinea-Bissau,2000,0.230103,,#N/A,,,,,,
Haiti,2000,0.231271,,#N/A,,,,,,
Honduras,2000,1.20386,,#N/A,,,,,,
Hungary,2000,6.99968,,#N/A,,,,,,
Iceland,2000,44.4705,,#N/A,,,,,,
India,2000,0.527532,,#N/A,,,,,,
Indonesia,2000,0.925564,,#N/A,,,,,,
Iran (Islamic Republic of),2000,0.93419,,#N/A,,,,,,
Israel,2000,20.8738,,#N/A,,,,,,
Italy,2000,23.1109,,#N/A,,,,,,
Jamaica,2000,3.11578,,#N/A,,,,,,
Jersey,2000,9.21871,,#N/A,,,,,,
Jordan,2000,2.62328,,#N/A,,,,,,
Kazakhstan,2000,0.668594,,#N/A,,,,,,
Kenya,2000,0.31806,,#N/A,,,,,,
Kuwait,2000,6.7314,,#N/A,,,,,,
Kyrgyzstan,2000,1.0414,,#N/A,,,,,,
Lao People's Democratic Republic,2000,0.111044,,#N/A,,,,,,
Latvia,2000,6.31906,,#N/A,,,,,,
Lebanon,2000,7.95274,,#N/A,,,,,,
Lesotho,2000,0.211806,,#N/A,,,,,,
Liberia,2000,0.0177027,,#N/A,,,,,,
Libya,2000,0.187043,,#N/A,,,,,,
Liechtenstein,2000,36.5152,,#N/A,,,,,,
Lithuania,2000,6.42707,,#N/A,,,,,,
Luxembourg,2000,22.8873,,#N/A,,,,,,
Madagascar,2000,0.196395,,#N/A,,,,,,
Malawi,2000,0.126781,,#N/A,,,,,,
Malaysia,2000,21.3847,,#N/A,,,,,,
Mali,2000,0.142546,,#N/A,,,,,,
Malta,2000,13.1137,,#N/A,,,,,,
Marshall Islands,2000,1.53427,,#N/A,,,,,,
Martinique,2000,7.79085,,#N/A,,,,,,
Mauritania,2000,0.192031,,#N/A,,,,,,
Mauritius,2000,7.28154,,#N/A,,,,,,
Mayotte,2000,1.21153,,#N/A,,,,,,
Mexico,2000,5.08138,,#N/A,,,,,,
Micronesia,2000,3.73486,,#N/A,,,,,,
Moldova,2000,1.28285,,#N/A,,,,,,
Monaco,2000,42.1849,,#N/A,,,,,,
Mongolia,2000,1.25565,,#N/A,,,,,,
Morocco,2000,0.693791,,#N/A,,,,,,
Mozambique,2000,0.109593,,#N/A,,,,,,
Namibia,2000,1.64474,,#N/A,,,,,,
Nepal (Republic of),2000,0.204652,,#N/A,,,,,,
Netherlands (Kingdom of the),2000,43.9844,,#N/A,,,,,,
New Caledonia,2000,13.9395,,#N/A,,,,,,
Nicaragua,2000,0.980216,,#N/A,,,,,,
Niger,2000,0.0362613,,#N/A,,,,,,
Nigeria,2000,0.0640808,,#N/A,,,,,,
Niue,2000,26.5111,,#N/A,,,,,,
North Macedonia,2000,2.48557,,#N/A,,,,,,
Panama,2000,6.5548,,#N/A,,,,,,
Papua New Guinea,2000,0.835249,,#N/A,,,,,,
Paraguay,2000,0.747631,,#N/A,,,,,,
Philippines,2000,1.98225,,#N/A,,,,,,
Poland,2000,7.28543,,#N/A,,,,,,
Portugal,2000,16.4305,,#N/A,,,,,,
Puerto Rico,2000,10.4746,,#N/A,,,,,,
Qatar,2000,4.86368,,#N/A,,,,,,
Réunion,2000,13.8166,,#N/A,,,,,,
Romania,2000,3.61372,,#N/A,,,,,,
Russian Federation,2000,1.97723,,#N/A,,,,,,
Rwanda,2000,0.0628315,,#N/A,,,,,,
Saint Kitts and Nevis,2000,5.86281,,#N/A,,,,,,
Saint Lucia,2000,5.09048,,#N/A,,,,,,
Samoa,2000,0.566393,,#N/A,,,,,,
San Marino,2000,48.7995,,#N/A,,,,,,
Sao Tome and Principe,2000,4.63852,,#N/A,,,,,,
Saudi Arabia,2000,2.21069,,#N/A,,,,,,
Senegal,2000,0.403967,,#N/A,,,,,,
Sierra Leone,2000,0.118254,,#N/A,,,,,,
Singapore,2000,36,,#N/A,,,,,,
Slovakia,2000,9.4268,,#N/A,,,,,,
Slovenia,2000,15.1103,,#N/A,,,,,,
Solomon Islands,2000,0.481297,,#N/A,,,,,,
Somalia,2000,0.02,,#N/A,,,,,,
South Africa,2000,5.34856,,#N/A,,,,,,
Sri Lanka,2000,0.64741,,#N/A,,,,,,
St. Helena,2000,5.92183,,#N/A,,,,,,
State of Palestine,2000,1.11131,,#N/A,,,,,,
Sudan,2000,0.025785,,#N/A,,,,,,
Suriname,2000,2.50641,,#N/A,,,,,,
Sweden,2000,45.6877,,#N/A,,,,,,
Syrian Arab Republic,2000,0.181699,,#N/A,,,,,,
Tajikistan,2000,0.0485996,,#N/A,,,,,,
Tanzania,2000,0.117194,,#N/A,,,,,,
Thailand,2000,3.68904,,#N/A,,,,,,
Tonga,2000,2.4344,,#N/A,,,,,,
Trinidad and Tobago,2000,7.72141,,#N/A,,,,,,
Tunisia,2000,2.75074,,#N/A,,,,,,
Turkmenistan,2000,0.133282,,#N/A,,,,,,
Tuvalu,2000,5.24164,,#N/A,,,,,,
Uganda,2000,0.163714,,#N/A,,,,,,
Ukraine,2000,0.716184,,#N/A,,,,,,
United Arab Emirates,2000,23.6253,,#N/A,,,,,,
Uruguay,2000,10.5391,,#N/A,,,,,,
Uzbekistan,2000,0.484347,,#N/A,,,,,,
Vanuatu,2000,2.10834,,#N/A,,,,,,
Venezuela,2000,3.3596,,#N/A,,,,,,
Viet Nam,2000,0.254248,,#N/A,,,,,,
Virgin Islands (US),2000,13.8151,,#N/A,,,,,,
Wallis and Futuna,2000,4.76807,,#N/A,,,,,,
Yemen,2000,0.0825004,,#N/A,,,,,,
Zambia,2000,0.191072,,#N/A,,,,,,
Zimbabwe,2000,0.401434,,#N/A,,,,,,
Oman,1999,2.51567,208,"Based on the number of Internet subscriptions, a multiplier of 3.54 was used to estimate the proportion of Internet users.",,,,,,
Democratic People's Republic of Korea,1999,0,88,Commercially not available. Local Intranet available in country.,,,,,,
Denmark,1999,30.592,92,E-mail users.,,,,,,
Saint Vincent and the Grenadines,1999,2.782,245,"Estimation based on GPRS subscribers, fixed and mobile.",,,,,,
India,1999,0.273224,138,Fiscal years beginning 1 April.,,,,,,
Finland,1999,32.2951,111,Has used at least one other Internet application besides e-mail in last 3 months. Population age 15+.,,,,,,
Switzerland,1999,34,270,In the last 6 months. Population age 14+,,,,,,
Bangladesh,1999,0.0361704,4,ITU estimate,,,,,,
"China, Hong Kong Special Administrative Region",1999,21.2307,4,ITU estimate,,,,,,
Cook Islands,1999,13.0519,4,ITU estimate,,,,,,
Guyana,1999,0.4,4,ITU estimate,,,,,,
Kiribati,1999,1.21158,4,ITU estimate,,,,,,
New Zealand,1999,41.4945,4,ITU estimate,,,,,,
Norway,1999,40,4,ITU estimate,,,,,,
Peru,1999,1.9525,4,ITU estimate,,,,,,
Singapore,1999,24.1554,4,ITU estimate,,,,,,
United Kingdom,1999,21.2936,4,ITU estimate,,,,,,
United States,1999,35.8487,4,ITU estimate,,,,,,
Egypt,1999,0.290445,75,June.,,,,,,
Maldives,1999,1.11991,170,Not from official survey data. Country estimate based on the assumption that every connection (except leased lines) serves 4 users (average household size is 6) and a leased line serves 10 users. Mobile Internet users are not included.,,,,,,
Spain,1999,7.08504,261,November. Population age 14+.,,,,,,
Japan,1999,21.3913,153,PC-based only.,,,,,,
France,1999,9.12532,114,Population age 15+ using internet in the last year.,,,,,,
Ireland,1999,10.9338,144,Population age 15+.,,,,,,
Türkiye,1999,2.29212,44,Population age 16-74.,,,,,,
Cuba,1999,0.314691,84,Refers only to users with access to the international network.,,,,,,
Austria,1999,23.0443,16,"Regular users of the Internet, Population age 14+.",,,,,,
Albania,1999,0.081437,,#N/A,,,,,,
Algeria,1999,0.199524,,#N/A,,,,,,
Andorra,1999,7.63569,,#N/A,,,,,,
Angola,1999,0.0719641,,#N/A,,,,,,
Antigua and Barbuda,1999,5.30068,,#N/A,,,,,,
Argentina,1999,3.28448,,#N/A,,,,,,
Armenia,1999,0.970738,,#N/A,,,,,,
Aruba,1999,4.50618,,#N/A,,,,,,
Ascension,1999,29.9213,,#N/A,,,,,,
Australia,1999,40.7838,,#N/A,,,,,,
Azerbaijan,1999,0.0992289,,#N/A,,,,,,
Bahamas,1999,3.76456,,#N/A,,,,,,
Bahrain,1999,4.72036,,#N/A,,,,,,
Barbados,1999,2.37625,,#N/A,,,,,,
Belarus,1999,0.494881,,#N/A,,,,,,
Belgium,1999,13.7722,,#N/A,,,,,,
Belize,1999,4.07674,,#N/A,,,,,,
Benin,1999,0.154907,,#N/A,,,,,,
Bermuda,1999,39.9476,,#N/A,,,,,,
Bhutan,1999,0.137572,,#N/A,,,,,,
Bolivia (Plurinational State of),1999,0.981815,,#N/A,,,,,,
Bosnia and Herzegovina,1999,0.194374,,#N/A,,,,,,
Botswana,1999,1.12239,,#N/A,,,,,,
Brazil,1999,2.03873,,#N/A,,,,,,
Brunei Darussalam,1999,7.67104,,#N/A,,,,,,
Bulgaria,1999,2.90815,,#N/A,,,,,,
Burkina Faso,1999,0.0617803,,#N/A,,,,,,
Burundi,1999,0.0392045,,#N/A,,,,,,
Cabo Verde,1999,1.15998,,#N/A,,,,,,
Cambodia,1999,0.0319696,,#N/A,,,,,,
Cameroon,1999,0.129068,,#N/A,,,,,,
Canada,1999,36.1864,,#N/A,,,,,,
Central African Republic,1999,0.0408943,,#N/A,,,,,,
Chad,1999,0.0123217,,#N/A,,,,,,
Chile,1999,4.10342,,#N/A,,,,,,
China,1999,0.708188,,#N/A,,,,,,
"China, Macao Special Administrative Region",1999,9.21201,,#N/A,,,,,,
Colombia,1999,1.69773,,#N/A,,,,,,
Comoros,1999,0.148163,,#N/A,,,,,,
Congo (Republic of the),1999,0.016791,,#N/A,,,,,,
Costa Rica,1999,3.90432,,#N/A,,,,,,
Côte d'Ivoire,1999,0.118686,,#N/A,,,,,,
Croatia,1999,4.40536,,#N/A,,,,,,
Cyprus,1999,11.3424,,#N/A,,,,,,
Czech Republic,1999,6.8328,,#N/A,,,,,,
Democratic Republic of the Congo,1999,0.00100908,,#N/A,,,,,,
Djibouti,1999,0.105762,,#N/A,,,,,,
Dominica,1999,2.93216,,#N/A,,,,,,
Dominican Republic,1999,1.10474,,#N/A,,,,,,
Ecuador,1999,0.823372,,#N/A,,,,,,
El Salvador,1999,0.845429,,#N/A,,,,,,
Equatorial Guinea,1999,0.0974159,,#N/A,,,,,,
Eritrea,1999,0.025495,,#N/A,,,,,,
Estonia,1999,14.5009,,#N/A,,,,,,
Eswatini,1999,0.470718,,#N/A,,,,,,
Ethiopia,1999,0.0125416,,#N/A,,,,,,
Falkland (Malvinas) Islands,1999,56.3976,,#N/A,,,,,,
Faroe Islands,1999,22.2975,,#N/A,,,,,,
Fiji,1999,0.942462,,#N/A,,,,,,
French Guiana,1999,1.25824,,#N/A,,,,,,
French Polynesia,1999,3.4489,,#N/A,,,,,,
Gabon,1999,0.24901,,#N/A,,,,,,
Gambia,1999,0.715827,,#N/A,,,,,,
Georgia,1999,0.416344,,#N/A,,,,,,
Germany,1999,20.846,,#N/A,,,,,,
Ghana,1999,0.104895,,#N/A,,,,,,
Gibraltar,1999,5.93698,,#N/A,,,,,,
Greece,1999,6.87729,,#N/A,,,,,,
Greenland,1999,21.6026,,#N/A,,,,,,
Grenada,1999,2.47317,,#N/A,,,,,,
Guadeloupe,1999,1.65192,,#N/A,,,,,,
Guam,1999,8.49718,,#N/A,,,,,,
Guatemala,1999,0.592653,,#N/A,,,,,,
Guernsey,1999,15.2,,#N/A,,,,,,
Guinea,1999,0.0608089,,#N/A,,,,,,
Guinea-Bissau,1999,0.117702,,#N/A,,,,,,
Haiti,1999,0.0706585,,#N/A,,,,,,
Honduras,1999,0.573575,,#N/A,,,,,,
Hungary,1999,5.85784,,#N/A,,,,,,
Iceland,1999,41.2946,,#N/A,,,,,,
Indonesia,1999,0.444416,,#N/A,,,,,,
Iran (Islamic Republic of),1999,0.378569,,#N/A,,,,,,
Israel,1999,13.4361,,#N/A,,,,,,
Italy,1999,14.3784,,#N/A,,,,,,
Jamaica,1999,2.35569,,#N/A,,,,,,
Jersey,1999,6.94686,,#N/A,,,,,,
Jordan,1999,2.52697,,#N/A,,,,,,
Kazakhstan,1999,0.464277,,#N/A,,,,,,
Kenya,1999,0.114256,,#N/A,,,,,,
Korea (Republic  of),1999,23.5522,,#N/A,,,,,,
Kuwait,1999,4.75622,,#N/A,,,,,,
Kyrgyzstan,1999,0.204711,,#N/A,,,,,,
Lao People's Democratic Republic,1999,0.0377807,,#N/A,,,,,,
Latvia,1999,4.38741,,#N/A,,,,,,
Lebanon,1999,5.37681,,#N/A,,,,,,
Lesotho,1999,0.0538045,,#N/A,,,,,,
Liberia,1999,0.0113287,,#N/A,,,,,,
Libya,1999,0.133617,,#N/A,,,,,,
Lithuania,1999,2.92305,,#N/A,,,,,,
Luxembourg,1999,17.388,,#N/A,,,,,,
Madagascar,1999,0.168609,,#N/A,,,,,,
Malawi,1999,0.0872788,,#N/A,,,,,,
Malaysia,1999,12.3055,,#N/A,,,,,,
Mali,1999,0.0609099,,#N/A,,,,,,
Malta,1999,7.7598,,#N/A,,,,,,
Marshall Islands,1999,0.966072,,#N/A,,,,,,
Martinique,1999,1.30891,,#N/A,,,,,,
Mauritania,1999,0.118464,,#N/A,,,,,,
Mauritius,1999,4.65221,,#N/A,,,,,,
Mexico,1999,1.85744,,#N/A,,,,,,
Micronesia,1999,2.79759,,#N/A,,,,,,
Moldova,1999,0.600695,,#N/A,,,,,,
Mongolia,1999,0.508472,,#N/A,,,,,,
Morocco,1999,0.175595,,#N/A,,,,,,
Mozambique,1999,0.0562506,,#N/A,,,,,,
Myanmar,1999,0.000151709,,#N/A,,,,,,
Namibia,1999,0.336218,,#N/A,,,,,,
Nepal (Republic of),1999,0.146669,,#N/A,,,,,,
Netherland Antilles,1999,1.09943,,#N/A,,,,,,
Netherlands (Kingdom of the),1999,39.176,,#N/A,,,,,,
New Caledonia,1999,5.68815,,#N/A,,,,,,
Nicaragua,1999,0.497902,,#N/A,,,,,,
Niger,1999,0.028136,,#N/A,,,,,,
Nigeria,1999,0.0410387,,#N/A,,,,,,
Niue,1999,15.4959,,#N/A,,,,,,
North Macedonia,1999,1.49733,,#N/A,,,,,,
Pakistan,1999,0.0553572,,#N/A,,,,,,
Panama,1999,3.83686,,#N/A,,,,,,
Papua New Guinea,1999,0.667113,,#N/A,,,,,,
Paraguay,1999,0.381657,,#N/A,,,,,,
Philippines,1999,1.43161,,#N/A,,,,,,
Poland,1999,5.45644,,#N/A,,,,,,
Portugal,1999,14.7423,,#N/A,,,,,,
Puerto Rico,1999,5.26568,,#N/A,,,,,,
Qatar,1999,4.07073,,#N/A,,,,,,
Réunion,1999,1.40513,,#N/A,,,,,,
Romania,1999,2.69758,,#N/A,,,,,,
Russian Federation,1999,1.01898,,#N/A,,,,,,
Rwanda,1999,0.0671765,,#N/A,,,,,,
Saint Kitts and Nevis,1999,4.40044,,#N/A,,,,,,
Saint Lucia,1999,1.93211,,#N/A,,,,,,
Samoa,1999,0.285308,,#N/A,,,,,,
San Marino,1999,42.8033,,#N/A,,,,,,
Sao Tome and Principe,1999,0.363203,,#N/A,,,,,,
Saudi Arabia,1999,0.493585,,#N/A,,,,,,
Senegal,1999,0.311091,,#N/A,,,,,,
Seychelles,1999,6.22905,,#N/A,,,,,,
Sierra Leone,1999,0.0484907,,#N/A,,,,,,
Slovakia,1999,5.43776,,#N/A,,,,,,
Slovenia,1999,12.6109,,#N/A,,,,,,
Solomon Islands,1999,0.494541,,#N/A,,,,,,
Somalia,1999,0.0139104,,#N/A,,,,,,
South Africa,1999,4.11625,,#N/A,,,,,,
Sri Lanka,1999,0.348414,,#N/A,,,,,,
St. Helena,1999,5.8651,,#N/A,,,,,,
Sudan,1999,0.00879458,,#N/A,,,,,,
Suriname,1999,1.89187,,#N/A,,,,,,
Sweden,1999,41.4328,,#N/A,,,,,,
Syrian Arab Republic,1999,0.124295,,#N/A,,,,,,
Tajikistan,1999,0.0327919,,#N/A,,,,,,
Tanzania,1999,0.0751309,,#N/A,,,,,,
Thailand,1999,2.42624,,#N/A,,,,,,
Togo,1999,0.590363,,#N/A,,,,,,
Tonga,1999,1.01797,,#N/A,,,,,,
Trinidad and Tobago,1999,5.81425,,#N/A,,,,,,
Tunisia,1999,1.60249,,#N/A,,,,,,
Turkmenistan,1999,0.0450208,,#N/A,,,,,,
Uganda,1999,0.105544,,#N/A,,,,,,
Ukraine,1999,0.405385,,#N/A,,,,,,
United Arab Emirates,1999,14.9427,,#N/A,,,,,,
Uruguay,1999,9.97277,,#N/A,,,,,,
Uzbekistan,1999,0.0306883,,#N/A,,,,,,
Vanuatu,1999,0.5383,,#N/A,,,,,,
Venezuela,1999,2.83983,,#N/A,,,,,,
Viet Nam,1999,0.128927,,#N/A,,,,,,
Virgin Islands (US),1999,11.0746,,#N/A,,,,,,
Wallis and Futuna,1999,2.393,,#N/A,,,,,,
Yemen,1999,0.0566287,,#N/A,,,,,,
Zambia,1999,0.147053,,#N/A,,,,,,
Zimbabwe,1999,0.161676,,#N/A,,,,,,
Oman,1998,0.862725,208,"Based on the number of Internet subscriptions, a multiplier of 3.54 was used to estimate the proportion of Internet users.",,,,,,
Democratic People's Republic of Korea,1998,0,88,Commercially not available. Local Intranet available in country.,,,,,,
Saint Vincent and the Grenadines,1998,1.854,245,"Estimation based on GPRS subscribers, fixed and mobile.",,,,,,
India,1998,0.139027,138,Fiscal years beginning 1 April.,,,,,,
Finland,1998,25.4525,111,Has used at least one other Internet application besides e-mail in last 3 months. Population age 15+.,,,,,,
Switzerland,1998,24.8,270,In the last 6 months. Population age 14+,,,,,,
Bangladesh,1998,0.00368481,4,ITU estimate,,,,,,
"China, Hong Kong Special Administrative Region",1998,14.546,4,ITU estimate,,,,,,
Denmark,1998,22.6687,4,ITU estimate,,,,,,
Guyana,1998,0.264088,4,ITU estimate,,,,,,
Ireland,1998,8.09601,4,ITU estimate,,,,,,
Kiribati,1998,0.616546,4,ITU estimate,,,,,,
New Zealand,1998,31.6363,4,ITU estimate,,,,,,
Norway,1998,22.5601,4,ITU estimate,,,,,,
Peru,1998,1.19038,4,ITU estimate,,,,,,
Singapore,1998,19.5908,4,ITU estimate,,,,,,
United Kingdom,1998,13.67,4,ITU estimate,,,,,,
United States,1998,30.0932,4,ITU estimate,,,,,,
Egypt,1998,0.147987,75,June.,,,,,,
Maldives,1998,0.569627,170,Not from official survey data. Country estimate based on the assumption that every connection (except leased lines) serves 4 users (average household size is 6) and a leased line serves 10 users. Mobile Internet users are not included.,,,,,,
Spain,1998,4.36189,261,November. Population age 14+.,,,,,,
Japan,1998,13.414,153,PC-based only.,,,,,,
Türkiye,1998,0.698805,44,Population age 16-74.,,,,,,
France,1998,6.31978,115,Population age 18+.,,,,,,
Cuba,1998,0.226699,84,Refers only to users with access to the international network.,,,,,,
Austria,1998,15.4212,16,"Regular users of the Internet, Population age 14+.",,,,,,
Albania,1998,0.0650274,,#N/A,,,,,,
Algeria,1998,0.0202386,,#N/A,,,,,,
Andorra,1998,6.88621,,#N/A,,,,,,
Angola,1998,0.0184537,,#N/A,,,,,,
Antigua and Barbuda,1998,4.07172,,#N/A,,,,,,
Argentina,1998,0.830767,,#N/A,,,,,,
Armenia,1998,0.128659,,#N/A,,,,,,
Ascension,1998,24.1935,,#N/A,,,,,,
Australia,1998,30.8132,,#N/A,,,,,,
Azerbaijan,1998,0.0374851,,#N/A,,,,,,
Bahamas,1998,2.33559,,#N/A,,,,,,
Bahrain,1998,3.2182,,#N/A,,,,,,
Barbados,1998,1.97025,,#N/A,,,,,,
Belarus,1998,0.0738689,,#N/A,,,,,,
Belgium,1998,7.88662,,#N/A,,,,,,
Belize,1998,2.09152,,#N/A,,,,,,
Benin,1998,0.0478773,,#N/A,,,,,,
Bermuda,1998,32.1038,,#N/A,,,,,,
Bolivia (Plurinational State of),1998,0.626484,,#N/A,,,,,,
Bosnia and Herzegovina,1998,0.143671,,#N/A,,,,,,
Botswana,1998,0.602401,,#N/A,,,,,,
Brazil,1998,1.47787,,#N/A,,,,,,
Brunei Darussalam,1998,6.28474,,#N/A,,,,,,
Bulgaria,1998,1.84497,,#N/A,,,,,,
Burkina Faso,1998,0.0454235,,#N/A,,,,,,
Burundi,1998,0.0158428,,#N/A,,,,,,
Cabo Verde,1998,0.472735,,#N/A,,,,,,
Cambodia,1998,0.016325,,#N/A,,,,,,
Cameroon,1998,0.0132163,,#N/A,,,,,,
Canada,1998,24.8974,,#N/A,,,,,,
Central African Republic,1998,0.0278782,,#N/A,,,,,,
Chad,1998,0.0042685,,#N/A,,,,,,
Chile,1998,1.66232,,#N/A,,,,,,
China,1998,0.16854,,#N/A,,,,,,
"China, Macao Special Administrative Region",1998,7.00332,,#N/A,,,,,,
Colombia,1998,1.12623,,#N/A,,,,,,
Comoros,1998,0.037871,,#N/A,,,,,,
Congo (Republic of the),1998,0.00341514,,#N/A,,,,,,
Costa Rica,1998,2.66638,,#N/A,,,,,,
Côte d'Ivoire,1998,0.0609744,,#N/A,,,,,,
Croatia,1998,3.27322,,#N/A,,,,,,
Cyprus,1998,8.89054,,#N/A,,,,,,
Czech Republic,1998,3.89591,,#N/A,,,,,,
Democratic Republic of the Congo,1998,0.000413065,,#N/A,,,,,,
Djibouti,1998,0.094696,,#N/A,,,,,,
Dominica,1998,2.92535,,#N/A,,,,,,
Dominican Republic,1998,0.233914,,#N/A,,,,,,
Ecuador,1998,0.125273,,#N/A,,,,,,
El Salvador,1998,0.425254,,#N/A,,,,,,
Equatorial Guinea,1998,0.0944238,,#N/A,,,,,,
Eritrea,1998,0.00877424,,#N/A,,,,,,
Estonia,1998,10.796,,#N/A,,,,,,
Eswatini,1998,0.0960996,,#N/A,,,,,,
Ethiopia,1998,0.00966352,,#N/A,,,,,,
Faroe Islands,1998,11.3379,,#N/A,,,,,,
Fiji,1998,0.633168,,#N/A,,,,,,
French Guiana,1998,0.978295,,#N/A,,,,,,
French Polynesia,1998,1.31616,,#N/A,,,,,,
Gabon,1998,0.170125,,#N/A,,,,,,
Gambia,1998,0.206094,,#N/A,,,,,,
Georgia,1998,0.102831,,#N/A,,,,,,
Germany,1998,9.87785,,#N/A,,,,,,
Ghana,1998,0.0322404,,#N/A,,,,,,
Gibraltar,1998,4.18379,,#N/A,,,,,,
Greece,1998,3.22182,,#N/A,,,,,,
Greenland,1998,14.6544,,#N/A,,,,,,
Grenada,1998,1.48485,,#N/A,,,,,,
Guadeloupe,1998,0.477928,,#N/A,,,,,,
Guam,1998,4.50128,,#N/A,,,,,,
Guatemala,1998,0.46659,,#N/A,,,,,,
Guernsey,1998,7.25806,,#N/A,,,,,,
Guinea,1998,0.00620337,,#N/A,,,,,,
Guinea-Bissau,1998,0.0240604,,#N/A,,,,,,
Haiti,1998,0.0239995,,#N/A,,,,,,
Honduras,1998,0.301247,,#N/A,,,,,,
Hungary,1998,3.89464,,#N/A,,,,,,
Iceland,1998,36.2642,,#N/A,,,,,,
Indonesia,1998,0.255307,,#N/A,,,,,,
Iran (Islamic Republic of),1998,0.0998152,,#N/A,,,,,,
Israel,1998,10.3071,,#N/A,,,,,,
Italy,1998,4.55852,,#N/A,,,,,,
Jamaica,1998,1.97873,,#N/A,,,,,,
Jersey,1998,4.65327,,#N/A,,,,,,
Jordan,1998,1.30589,,#N/A,,,,,,
Kazakhstan,1998,0.13107,,#N/A,,,,,,
Kenya,1998,0.0502614,,#N/A,,,,,,
Korea (Republic  of),1998,6.78182,,#N/A,,,,,,
Kuwait,1998,3.0524,,#N/A,,,,,,
Kyrgyzstan,1998,0.0728083,,#N/A,,,,,,
Lao People's Democratic Republic,1998,0.00965781,,#N/A,,,,,,
Latvia,1998,3.31527,,#N/A,,,,,,
Lebanon,1998,2.72235,,#N/A,,,,,,
Lesotho,1998,0.0109565,,#N/A,,,,,,
Liberia,1998,0.00409939,,#N/A,,,,,,
Lithuania,1998,1.97206,,#N/A,,,,,,
Luxembourg,1998,11.7456,,#N/A,,,,,,
Madagascar,1998,0.062561,,#N/A,,,,,,
Malawi,1998,0.0180574,,#N/A,,,,,,
Malaysia,1998,6.75177,,#N/A,,,,,,
Mali,1998,0.0197939,,#N/A,,,,,,
Malta,1998,6.50078,,#N/A,,,,,,
Martinique,1998,0.527973,,#N/A,,,,,,
Mauritania,1998,0.0405948,,#N/A,,,,,,
Mauritius,1998,2.56528,,#N/A,,,,,,
Mexico,1998,1.26578,,#N/A,,,,,,
Micronesia,1998,1.85872,,#N/A,,,,,,
Moldova,1998,0.260818,,#N/A,,,,,,
Mongolia,1998,0.145811,,#N/A,,,,,,
Morocco,1998,0.142301,,#N/A,,,,,,
Mozambique,1998,0.0201971,,#N/A,,,,,,
Namibia,1998,0.286745,,#N/A,,,,,,
Nepal (Republic of),1998,0.0643936,,#N/A,,,,,,
Netherlands (Kingdom of the),1998,22.2438,,#N/A,,,,,,
New Caledonia,1998,1.93604,,#N/A,,,,,,
Nicaragua,1998,0.303809,,#N/A,,,,,,
Niger,1998,0.0029115,,#N/A,,,,,,
Nigeria,1998,0.0252315,,#N/A,,,,,,
North Macedonia,1998,1.00286,,#N/A,,,,,,
Pakistan,1998,0.0439477,,#N/A,,,,,,
Panama,1998,2.75065,,#N/A,,,,,,
Papua New Guinea,1998,0.234959,,#N/A,,,,,,
Paraguay,1998,0.194905,,#N/A,,,,,,
Philippines,1998,1.10341,,#N/A,,,,,,
Poland,1998,4.10227,,#N/A,,,,,,
Portugal,1998,9.87045,,#N/A,,,,,,
Puerto Rico,1998,2.64765,,#N/A,,,,,,
Qatar,1998,3.52003,,#N/A,,,,,,
Réunion,1998,1.28625,,#N/A,,,,,,
Romania,1998,2.23765,,#N/A,,,,,,
Russian Federation,1998,0.812744,,#N/A,,,,,,
Rwanda,1998,0.0117636,,#N/A,,,,,,
Saint Kitts and Nevis,1998,3.34381,,#N/A,,,,,,
Saint Lucia,1998,1.30499,,#N/A,,,,,,
Samoa,1998,0.230359,,#N/A,,,,,,
San Marino,1998,1.40856,,#N/A,,,,,,
Sao Tome and Principe,1998,0.295847,,#N/A,,,,,,
Saudi Arabia,1998,0.10143,,#N/A,,,,,,
Senegal,1998,0.0798714,,#N/A,,,,,,
Seychelles,1998,2.52618,,#N/A,,,,,,
Sierra Leone,1998,0.0148051,,#N/A,,,,,,
Slovakia,1998,2.68981,,#N/A,,,,,,
Slovenia,1998,10.1046,,#N/A,,,,,,
Solomon Islands,1998,0.508293,,#N/A,,,,,,
Somalia,1998,0.00716442,,#N/A,,,,,,
South Africa,1998,2.90622,,#N/A,,,,,,
Sri Lanka,1998,0.296351,,#N/A,,,,,,
St. Helena,1998,1.53339,,#N/A,,,,,,
Sudan,1998,0.00480507,,#N/A,,,,,,
Suriname,1998,1.67015,,#N/A,,,,,,
Sweden,1998,33.4675,,#N/A,,,,,,
Syrian Arab Republic,1998,0.0636873,,#N/A,,,,,,
Tanzania,1998,0.00924413,,#N/A,,,,,,
Thailand,1998,1.09122,,#N/A,,,,,,
Togo,1998,0.305584,,#N/A,,,,,,
Tonga,1998,0.765134,,#N/A,,,,,,
Trinidad and Tobago,1998,2.72483,,#N/A,,,,,,
Tunisia,1998,0.107941,,#N/A,,,,,,
Uganda,1998,0.0652895,,#N/A,,,,,,
Ukraine,1998,0.301076,,#N/A,,,,,,
United Arab Emirates,1998,6.9083,,#N/A,,,,,,
Uruguay,1998,6.98707,,#N/A,,,,,,
Uzbekistan,1998,0.0207544,,#N/A,,,,,,
Vanuatu,1998,0.274186,,#N/A,,,,,,
Venezuela,1998,1.38399,,#N/A,,,,,,
Viet Nam,1998,0.0130785,,#N/A,,,,,,
Virgin Islands (US),1998,9.24522,,#N/A,,,,,,
Yemen,1998,0.0233232,,#N/A,,,,,,
Zambia,1998,0.0302262,,#N/A,,,,,,
Zimbabwe,1998,0.0816485,,#N/A,,,,,,
Oman,1997,0.439793,208,"Based on the number of Internet subscriptions, a multiplier of 3.54 was used to estimate the proportion of Internet users.",,,,,,
Democratic People's Republic of Korea,1997,0,88,Commercially not available. Local Intranet available in country.,,,,,,
Saint Vincent and the Grenadines,1997,0.926372,245,"Estimation based on GPRS subscribers, fixed and mobile.",,,,,,
India,1997,0.0707678,138,Fiscal years beginning 1 April.,,,,,,
Finland,1997,19.4587,111,Has used at least one other Internet application besides e-mail in last 3 months. Population age 15+.,,,,,,
Switzerland,1997,15.1,270,In the last 6 months. Population age 14+,,,,,,
Australia,1997,16.3694,4,ITU estimate,,,,,,
"China, Hong Kong Special Administrative Region",1997,10.5188,4,ITU estimate,,,,,,
Cook Islands,1997,6.61886,4,ITU estimate,,,,,,
Denmark,1997,11.382,4,ITU estimate,,,,,,
Guyana,1997,0.131828,4,ITU estimate,,,,,,
Ireland,1997,4.08826,4,ITU estimate,,,,,,
New Zealand,1997,14.6015,4,ITU estimate,,,,,,
Norway,1997,20.4179,4,ITU estimate,,,,,,
Peru,1997,0.40343,4,ITU estimate,,,,,,
Singapore,1997,13.4716,4,ITU estimate,,,,,,
Slovakia,1997,1.17338,4,ITU estimate,,,,,,
United Kingdom,1997,7.3854,4,ITU estimate,,,,,,
United States,1997,21.6164,4,ITU estimate,,,,,,
Egypt,1997,0.0904802,75,June.,,,,,,
Maldives,1997,0.309444,171,Not from official survey data. Country estimated based on the assumption that every connection (except leased lines) serves 4 users (average household size) and a leased line serves 10 users. Mobile internet users are not included.,,,,,,
Spain,1997,2.80332,261,November. Population age 14+.,,,,,,
Türkiye,1997,0.473695,44,Population age 16-74.,,,,,,
France,1997,4.255,115,Population age 18+.,,,,,,
Cuba,1997,0.0682202,84,Refers only to users with access to the international network.,,,,,,
Austria,1997,9.53397,16,"Regular users of the Internet, Population age 14+.",,,,,,
Albania,1997,0.0485939,,#N/A,,,,,,
Algeria,1997,0.0102685,,#N/A,,,,,,
Andorra,1997,3.05018,,#N/A,,,,,,
Angola,1997,0.00567375,,#N/A,,,,,,
Antigua and Barbuda,1997,3.48054,,#N/A,,,,,,
Argentina,1997,0.28034,,#N/A,,,,,,
Armenia,1997,0.111651,,#N/A,,,,,,
Ascension,1997,12.2951,,#N/A,,,,,,
Azerbaijan,1997,0.0251879,,#N/A,,,,,,
Bahamas,1997,1.36295,,#N/A,,,,,,
Bahrain,1997,1.6463,,#N/A,,,,,,
Bangladesh,1997,0.000751046,,#N/A,,,,,,
Barbados,1997,0.783429,,#N/A,,,,,,
Belarus,1997,0.0490209,,#N/A,,,,,,
Belgium,1997,4.93808,,#N/A,,,,,,
Belize,1997,1.28858,,#N/A,,,,,,
Benin,1997,0.0246488,,#N/A,,,,,,
Bermuda,1997,24.1893,,#N/A,,,,,,
Bolivia (Plurinational State of),1997,0.447839,,#N/A,,,,,,
Bosnia and Herzegovina,1997,0.0594256,,#N/A,,,,,,
Botswana,1997,0.307747,,#N/A,,,,,,
Brazil,1997,0.786079,,#N/A,,,,,,
Brunei Darussalam,1997,4.83106,,#N/A,,,,,,
Bulgaria,1997,1.21981,,#N/A,,,,,,
Burkina Faso,1997,0.0186864,,#N/A,,,,,,
Burundi,1997,0.00797944,,#N/A,,,,,,
Cabo Verde,1997,0.240968,,#N/A,,,,,,
Cambodia,1997,0.00584491,,#N/A,,,,,,
Cameroon,1997,0.00676874,,#N/A,,,,,,
Canada,1997,15.0724,,#N/A,,,,,,
Central African Republic,1997,0.0142709,,#N/A,,,,,,
Chad,1997,0.000658168,,#N/A,,,,,,
Chile,1997,1.05709,,#N/A,,,,,,
China,1997,0.0323949,,#N/A,,,,,,
"China, Macao Special Administrative Region",1997,2.36413,,#N/A,,,,,,
Colombia,1997,0.550521,,#N/A,,,,,,
Comoros,1997,0,,#N/A,,,,,,
Congo (Republic of the),1997,0.0034691,,#N/A,,,,,,
Costa Rica,1997,1.64022,,#N/A,,,,,,
Côte d'Ivoire,1997,0.0188284,,#N/A,,,,,,
Croatia,1997,1.72961,,#N/A,,,,,,
Cyprus,1997,4.37827,,#N/A,,,,,,
Czech Republic,1997,2.9157,,#N/A,,,,,,
Democratic Republic of the Congo,1997,0.000211213,,#N/A,,,,,,
Djibouti,1997,0.0829415,,#N/A,,,,,,
Dominican Republic,1997,0.142688,,#N/A,,,,,,
Ecuador,1997,0.110218,,#N/A,,,,,,
El Salvador,1997,0.256961,,#N/A,,,,,,
Equatorial Guinea,1997,0.0414623,,#N/A,,,,,,
Eritrea,1997,0.00901772,,#N/A,,,,,,
Estonia,1997,5.70628,,#N/A,,,,,,
Eswatini,1997,0.088546,,#N/A,,,,,,
Ethiopia,1997,0.00496672,,#N/A,,,,,,
Falkland (Malvinas) Islands,1997,3.76081,,#N/A,,,,,,
Faroe Islands,1997,4.6013,,#N/A,,,,,,
Fiji,1997,0.223455,,#N/A,,,,,,
French Guiana,1997,0.674814,,#N/A,,,,,,
French Polynesia,1997,0.214385,,#N/A,,,,,,
Gabon,1997,0.047999,,#N/A,,,,,,
Gambia,1997,0.0513113,,#N/A,,,,,,
Georgia,1997,0.0609303,,#N/A,,,,,,
Germany,1997,6.71109,,#N/A,,,,,,
Ghana,1997,0.0275375,,#N/A,,,,,,
Gibraltar,1997,2.66291,,#N/A,,,,,,
Greece,1997,1.84963,,#N/A,,,,,,
Greenland,1997,7.9545,,#N/A,,,,,,
Grenada,1997,0.990884,,#N/A,,,,,,
Guadeloupe,1997,0.241869,,#N/A,,,,,,
Guam,1997,2.34457,,#N/A,,,,,,
Guatemala,1997,0.095476,,#N/A,,,,,,
Guernsey,1997,3.3871,,#N/A,,,,,,
Guinea,1997,0.00380311,,#N/A,,,,,,
Guinea-Bissau,1997,0.0163891,,#N/A,,,,,,
Honduras,1997,0.170996,,#N/A,,,,,,
Hungary,1997,1.94245,,#N/A,,,,,,
Iceland,1997,27.4789,,#N/A,,,,,,
Indonesia,1997,0.19491,,#N/A,,,,,,
Iran (Islamic Republic of),1997,0.0467561,,#N/A,,,,,,
Israel,1997,4.39941,,#N/A,,,,,,
Italy,1997,2.27674,,#N/A,,,,,,
Jamaica,1997,0.797797,,#N/A,,,,,,
Japan,1997,9.16308,,#N/A,,,,,,
Jersey,1997,3.34709,,#N/A,,,,,,
Jordan,1997,0.599341,,#N/A,,,,,,
Kazakhstan,1997,0.0645968,,#N/A,,,,,,
Kenya,1997,0.0344061,,#N/A,,,,,,
Korea (Republic  of),1997,3.6008,,#N/A,,,,,,
Kuwait,1997,2.17454,,#N/A,,,,,,
Latvia,1997,2.05345,,#N/A,,,,,,
Lebanon,1997,1.24108,,#N/A,,,,,,
Lesotho,1997,0.00558443,,#N/A,,,,,,
Liberia,1997,0.00448944,,#N/A,,,,,,
Lithuania,1997,0.978422,,#N/A,,,,,,
Luxembourg,1997,7.1427,,#N/A,,,,,,
Madagascar,1997,0.0143336,,#N/A,,,,,,
Malawi,1997,0.00466852,,#N/A,,,,,,
Malaysia,1997,2.30739,,#N/A,,,,,,
Mali,1997,0.0100859,,#N/A,,,,,,
Malta,1997,3.92061,,#N/A,,,,,,
Mauritania,1997,0.00417253,,#N/A,,,,,,
Mauritius,1997,0.475629,,#N/A,,,,,,
Mexico,1997,0.627312,,#N/A,,,,,,
Micronesia,1997,0.570677,,#N/A,,,,,,
Moldova,1997,0.0281288,,#N/A,,,,,,
Mongolia,1997,0.112743,,#N/A,,,,,,
Morocco,1997,0.0216352,,#N/A,,,,,,
Mozambique,1997,0.0118426,,#N/A,,,,,,
Namibia,1997,0.0587507,,#N/A,,,,,,
Nepal (Republic of),1997,0.0219989,,#N/A,,,,,,
Netherlands (Kingdom of the),1997,14.0655,,#N/A,,,,,,
New Caledonia,1997,0.989335,,#N/A,,,,,,
Nicaragua,1997,0.206217,,#N/A,,,,,,
Niger,1997,0.00200877,,#N/A,,,,,,
Nigeria,1997,0.0172374,,#N/A,,,,,,
North Macedonia,1997,0.503985,,#N/A,,,,,,
Pakistan,1997,0.0275492,,#N/A,,,,,,
Panama,1997,0.539066,,#N/A,,,,,,
Papua New Guinea,1997,0.100588,,#N/A,,,,,,
Paraguay,1997,0.0995767,,#N/A,,,,,,
Philippines,1997,0.136913,,#N/A,,,,,,
Poland,1997,2.07347,,#N/A,,,,,,
Portugal,1997,4.953,,#N/A,,,,,,
Puerto Rico,1997,1.33182,,#N/A,,,,,,
Qatar,1997,3.08375,,#N/A,,,,,,
Romania,1997,0.445445,,#N/A,,,,,,
Russian Federation,1997,0.472964,,#N/A,,,,,,
Rwanda,1997,0.00162579,,#N/A,,,,,,
Saint Kitts and Nevis,1997,2.25856,,#N/A,,,,,,
Saint Lucia,1997,0.992168,,#N/A,,,,,,
Samoa,1997,0.174572,,#N/A,,,,,,
San Marino,1997,1.41855,,#N/A,,,,,,
Saudi Arabia,1997,0.052099,,#N/A,,,,,,
Senegal,1997,0.0273474,,#N/A,,,,,,
Seychelles,1997,1.28296,,#N/A,,,,,,
Sierra Leone,1997,0.00498783,,#N/A,,,,,,
Slovenia,1997,7.59192,,#N/A,,,,,,
Solomon Islands,1997,0.391923,,#N/A,,,,,,
Somalia,1997,0.00294871,,#N/A,,,,,,
South Africa,1997,1.63209,,#N/A,,,,,,
Sri Lanka,1997,0.162465,,#N/A,,,,,,
Sudan,1997,0.00123182,,#N/A,,,,,,
Suriname,1997,1.00309,,#N/A,,,,,,
Sweden,1997,23.7279,,#N/A,,,,,,
Syrian Arab Republic,1997,0.0326078,,#N/A,,,,,,
Tanzania,1997,0.00790028,,#N/A,,,,,,
Thailand,1997,0.360522,,#N/A,,,,,,
Togo,1997,0.211139,,#N/A,,,,,,
Tonga,1997,0.510866,,#N/A,,,,,,
Trinidad and Tobago,1997,1.17317,,#N/A,,,,,,
Tunisia,1997,0.043657,,#N/A,,,,,,
Uganda,1997,0.0103193,,#N/A,,,,,,
Ukraine,1997,0.198822,,#N/A,,,,,,
United Arab Emirates,1997,3.29559,,#N/A,,,,,,
Uruguay,1997,3.36324,,#N/A,,,,,,
Uzbekistan,1997,0.0105369,,#N/A,,,,,,
Vanuatu,1997,0.139506,,#N/A,,,,,,
Venezuela,1997,0.390959,,#N/A,,,,,,
Viet Nam,1997,0.00398196,,#N/A,,,,,,
Virgin Islands (US),1997,6.94837,,#N/A,,,,,,
Yemen,1997,0.0150253,,#N/A,,,,,,
Zambia,1997,0.00932966,,#N/A,,,,,,
Zimbabwe,1997,0.0330803,,#N/A,,,,,,
Oman,1996,0,208,"Based on the number of Internet subscriptions, a multiplier of 3.54 was used to estimate the proportion of Internet users.",,,,,,
Saint Vincent and the Grenadines,1996,0.483248,245,"Estimation based on GPRS subscribers, fixed and mobile.",,,,,,
India,1996,0.046334,138,Fiscal years beginning 1 April.,,,,,,
Finland,1996,16.7801,111,Has used at least one other Internet application besides e-mail in last 3 months. Population age 15+.,,,,,,
Australia,1996,3.27525,4,ITU estimate,,,,,,
"China, Hong Kong Special Administrative Region",1996,4.74884,4,ITU estimate,,,,,,
Cook Islands,1996,5.4404,4,ITU estimate,,,,,,
Denmark,1996,5.71499,4,ITU estimate,,,,,,
Guyana,1996,0.0658541,4,ITU estimate,,,,,,
Ireland,1996,2.1993,4,ITU estimate,,,,,,
New Zealand,1996,8.0419,4,ITU estimate,,,,,,
Norway,1996,18.2503,4,ITU estimate,,,,,,
Singapore,1996,8.34996,4,ITU estimate,,,,,,
Slovakia,1996,0.78329,4,ITU estimate,,,,,,
United Kingdom,1996,4.12365,4,ITU estimate,,,,,,
United States,1996,16.4194,4,ITU estimate,,,,,,
Egypt,1996,0.0614669,75,June.,,,,,,
Maldives,1996,0.22693,171,Not from official survey data. Country estimated based on the assumption that every connection (except leased lines) serves 4 users (average household size) and a leased line serves 10 users. Mobile internet users are not included.,,,,,,
Spain,1996,1.33185,261,November. Population age 14+.,,,,,,
Türkiye,1996,0.192725,44,Population age 16-74.,,,,,,
France,1996,2.58403,115,Population age 18+.,,,,,,
Cuba,1996,0.031949,84,Refers only to users with access to the international network.,,,,,,
Austria,1996,6.90916,16,"Regular users of the Internet, Population age 14+.",,,,,,
Albania,1996,0.0321968,,#N/A,,,,,,
Algeria,1996,0.00173853,,#N/A,,,,,,
Andorra,1996,1.5266,,#N/A,,,,,,
Angola,1996,0.000775929,,#N/A,,,,,,
Antigua and Barbuda,1996,2.85845,,#N/A,,,,,,
Argentina,1996,0.141955,,#N/A,,,,,,
Armenia,1996,0.0945729,,#N/A,,,,,,
Aruba,1996,2.76838,,#N/A,,,,,,
Azerbaijan,1996,0.00635458,,#N/A,,,,,,
Bahamas,1996,1.74695,,#N/A,,,,,,
Bahrain,1996,0.843254,,#N/A,,,,,,
Barbados,1996,0.389464,,#N/A,,,,,,
Belarus,1996,0.0292983,,#N/A,,,,,,
Belgium,1996,2.96841,,#N/A,,,,,,
Belize,1996,0.882807,,#N/A,,,,,,
Benin,1996,0.0016931,,#N/A,,,,,,
Bermuda,1996,16.2025,,#N/A,,,,,,
Bolivia (Plurinational State of),1996,0.196081,,#N/A,,,,,,
Bosnia and Herzegovina,1996,0.0151256,,#N/A,,,,,,
Botswana,1996,0.157454,,#N/A,,,,,,
Brazil,1996,0.450789,,#N/A,,,,,,
Brunei Darussalam,1996,3.30335,,#N/A,,,,,,
Bulgaria,1996,0.725251,,#N/A,,,,,,
Burkina Faso,1996,0.000960519,,#N/A,,,,,,
Burundi,1996,0.000803592,,#N/A,,,,,,
Canada,1996,6.76024,,#N/A,,,,,,
Central African Republic,1996,0.0058495,,#N/A,,,,,,
Chile,1996,0.683476,,#N/A,,,,,,
China,1996,0.0130817,,#N/A,,,,,,
"China, Macao Special Administrative Region",1996,0.727274,,#N/A,,,,,,
Colombia,1996,0.330018,,#N/A,,,,,,
Congo (Republic of the),1996,0.00352686,,#N/A,,,,,,
Costa Rica,1996,0.841057,,#N/A,,,,,,
Côte d'Ivoire,1996,0.00840978,,#N/A,,,,,,
Croatia,1996,0.858982,,#N/A,,,,,,
Cyprus,1996,0.673344,,#N/A,,,,,,
Czech Republic,1996,1.94038,,#N/A,,,,,,
Democratic Republic of the Congo,1996,0.000108207,,#N/A,,,,,,
Djibouti,1996,0.0311662,,#N/A,,,,,,
Dominica,1996,1.16552,,#N/A,,,,,,
Dominican Republic,1996,0.0749871,,#N/A,,,,,,
Ecuador,1996,0.0861613,,#N/A,,,,,,
El Salvador,1996,0.0863896,,#N/A,,,,,,
Eritrea,1996,0,,#N/A,,,,,,
Estonia,1996,3.52511,,#N/A,,,,,,
Eswatini,1996,0.050399,,#N/A,,,,,,
Ethiopia,1996,0.00170345,,#N/A,,,,,,
Faroe Islands,1996,2.31879,,#N/A,,,,,,
Fiji,1996,0.0644371,,#N/A,,,,,,
French Guiana,1996,0.348753,,#N/A,,,,,,
French Polynesia,1996,0.0909719,,#N/A,,,,,,
Gabon,1996,0,,#N/A,,,,,,
Gambia,1996,0.0355074,,#N/A,,,,,,
Georgia,1996,0.0400654,,#N/A,,,,,,
Germany,1996,3.05481,,#N/A,,,,,,
Ghana,1996,0.00564876,,#N/A,,,,,,
Greece,1996,1.39536,,#N/A,,,,,,
Greenland,1996,1.79672,,#N/A,,,,,,
Grenada,1996,0.298033,,#N/A,,,,,,
Guadeloupe,1996,0.0244627,,#N/A,,,,,,
Guam,1996,1.35611,,#N/A,,,,,,
Guatemala,1996,0.0195349,,#N/A,,,,,,
Guernsey,1996,1.62602,,#N/A,,,,,,
Guinea,1996,0.00194894,,#N/A,,,,,,
Haiti,1996,0.00748425,,#N/A,,,,,,
Honduras,1996,0.0437112,,#N/A,,,,,,
Hungary,1996,0.96924,,#N/A,,,,,,
Iceland,1996,14.8065,,#N/A,,,,,,
Indonesia,1996,0.056624,,#N/A,,,,,,
Iran (Islamic Republic of),1996,0.0158261,,#N/A,,,,,,
Israel,1996,2.16837,,#N/A,,,,,,
Italy,1996,1.02329,,#N/A,,,,,,
Jamaica,1996,0.591146,,#N/A,,,,,,
Japan,1996,4.37298,,#N/A,,,,,,
Jersey,1996,1.13833,,#N/A,,,,,,
Jordan,1996,0.0449385,,#N/A,,,,,,
Kazakhstan,1996,0.0318245,,#N/A,,,,,,
Kenya,1996,0.00883911,,#N/A,,,,,,
Korea (Republic  of),1996,1.62424,,#N/A,,,,,,
Kuwait,1996,0.855662,,#N/A,,,,,,
Latvia,1996,0.812717,,#N/A,,,,,,
Lebanon,1996,0.140167,,#N/A,,,,,,
Lesotho,1996,0.00284594,,#N/A,,,,,,
Lithuania,1996,0.277421,,#N/A,,,,,,
Luxembourg,1996,5.55165,,#N/A,,,,,,
Madagascar,1996,0.0036952,,#N/A,,,,,,
Malaysia,1996,0.852044,,#N/A,,,,,,
Mali,1996,0.00205523,,#N/A,,,,,,
Malta,1996,1.05153,,#N/A,,,,,,
Marshall Islands,1996,0.0370594,,#N/A,,,,,,
Mauritius,1996,0.183769,,#N/A,,,,,,
Mexico,1996,0.200406,,#N/A,,,,,,
Micronesia,1996,0.278038,,#N/A,,,,,,
Moldova,1996,0.0046439,,#N/A,,,,,,
Mongolia,1996,0.0181607,,#N/A,,,,,,
Morocco,1996,0.00567544,,#N/A,,,,,,
Mozambique,1996,0.00304298,,#N/A,,,,,,
Namibia,1996,0.00903215,,#N/A,,,,,,
Nepal (Republic of),1996,0.00451047,,#N/A,,,,,,
Netherland Antilles,1996,0.264738,,#N/A,,,,,,
Netherlands (Kingdom of the),1996,9.64907,,#N/A,,,,,,
New Caledonia,1996,0.252984,,#N/A,,,,,,
Nicaragua,1996,0.0840933,,#N/A,,,,,,
Niger,1996,0.0010393,,#N/A,,,,,,
Nigeria,1996,0.00883298,,#N/A,,,,,,
North Macedonia,1996,0.0759957,,#N/A,,,,,,
Pakistan,1996,0.00299173,,#N/A,,,,,,
Panama,1996,0.219999,,#N/A,,,,,,
Papua New Guinea,1996,0.00206702,,#N/A,,,,,,
Paraguay,1996,0.0203596,,#N/A,,,,,,
Peru,1996,0.246233,,#N/A,,,,,,
Philippines,1996,0.055946,,#N/A,,,,,,
Poland,1996,1.2952,,#N/A,,,,,,
Portugal,1996,2.98088,,#N/A,,,,,,
Puerto Rico,1996,0.26816,,#N/A,,,,,,
Qatar,1996,0.930186,,#N/A,,,,,,
Romania,1996,0.221623,,#N/A,,,,,,
Russian Federation,1996,0.269753,,#N/A,,,,,,
Rwanda,1996,0.000883372,,#N/A,,,,,,
Saint Kitts and Nevis,1996,1.94557,,#N/A,,,,,,
Saint Lucia,1996,0.670466,,#N/A,,,,,,
San Marino,1996,1.42808,,#N/A,,,,,,
Saudi Arabia,1996,0.0267327,,#N/A,,,,,,
Senegal,1996,0.0112382,,#N/A,,,,,,
Seychelles,1996,0.651474,,#N/A,,,,,,
Sierra Leone,1996,0.00250612,,#N/A,,,,,,
Slovenia,1996,5.07227,,#N/A,,,,,,
Solomon Islands,1996,0.268684,,#N/A,,,,,,
Somalia,1996,0.00150955,,#N/A,,,,,,
South Africa,1996,0.841883,,#N/A,,,,,,
Sri Lanka,1996,0.0544645,,#N/A,,,,,,
Sudan,1996,0,,#N/A,,,,,,
Suriname,1996,0.226306,,#N/A,,,,,,
Sweden,1996,9.0436,,#N/A,,,,,,
Switzerland,1996,4.54966,,#N/A,,,,,,
Syrian Arab Republic,1996,0,,#N/A,,,,,,
Tanzania,1996,0.00162215,,#N/A,,,,,,
Thailand,1996,0.115472,,#N/A,,,,,,
Togo,1996,0.0109291,,#N/A,,,,,,
Tonga,1996,0.163793,,#N/A,,,,,,
Trinidad and Tobago,1996,0.393081,,#N/A,,,,,,
Tunisia,1996,0.0276154,,#N/A,,,,,,
Uganda,1996,0.00462595,,#N/A,,,,,,
Ukraine,1996,0.0985804,,#N/A,,,,,,
United Arab Emirates,1996,0.375394,,#N/A,,,,,,
Uruguay,1996,1.84747,,#N/A,,,,,,
Uzbekistan,1996,0.00428507,,#N/A,,,,,,
Vanuatu,1996,0.0568456,,#N/A,,,,,,
Venezuela,1996,0.248261,,#N/A,,,,,,
Viet Nam,1996,0.000134813,,#N/A,,,,,,
Virgin Islands (US),1996,4.64719,,#N/A,,,,,,
Yemen,1996,0.000621081,,#N/A,,,,,,
Zambia,1996,0.00906918,,#N/A,,,,,,
Zimbabwe,1996,0.0167905,,#N/A,,,,,,
Saint Vincent and the Grenadines,1995,0.128635,245,"Estimation based on GPRS subscribers, fixed and mobile.",,,,,,
India,1995,0.0262289,138,Fiscal years beginning 1 April.,,,,,,
Finland,1995,13.9003,111,Has used at least one other Internet application besides e-mail in last 3 months. Population age 15+.,,,,,,
United Arab Emirates,1995,0.102939,287,Internet Dial-up customers.,,,,,,
Australia,1995,2.75965,4,ITU estimate,,,,,,
"China, Hong Kong Special Administrative Region",1995,3.21864,4,ITU estimate,,,,,,
Cook Islands,1995,1.18855,4,ITU estimate,,,,,,
Denmark,1995,3.82566,4,ITU estimate,,,,,,
France,1995,1.63795,4,ITU estimate,,,,,,
Ireland,1995,1.10839,4,ITU estimate,,,,,,
Malaysia,1995,0.145674,4,ITU estimate,,,,,,
New Zealand,1995,4.88424,4,ITU estimate,,,,,,
Norway,1995,6.42322,4,ITU estimate,,,,,,
Peru,1995,0.0334123,4,ITU estimate,,,,,,
Singapore,1995,2.87342,4,ITU estimate,,,,,,
United Kingdom,1995,1.89517,4,ITU estimate,,,,,,
United States,1995,9.23709,4,ITU estimate,,,,,,
Egypt,1995,0.0313196,75,June.,,,,,,
Maldives,1995,0,171,Not from official survey data. Country estimated based on the assumption that every connection (except leased lines) serves 4 users (average household size) and a leased line serves 10 users. Mobile internet users are not included.,,,,,,
Spain,1995,0.380801,261,November. Population age 14+.,,,,,,
Türkiye,1995,0.0816912,44,Population age 16-74.,,,,,,
Cuba,1995,9.17E-05,84,Refers only to users with access to the international network.,,,,,,
Albania,1995,0.0111687,,#N/A,,,,,,
Algeria,1995,0.00176895,,#N/A,,,,,,
Anguilla,1995,0.809307,,#N/A,,,,,,
Antigua and Barbuda,1995,2.20077,,#N/A,,,,,,
Argentina,1995,0.0862771,,#N/A,,,,,,
Armenia,1995,0.0527431,,#N/A,,,,,,
Austria,1995,1.89021,,#N/A,,,,,,
Azerbaijan,1995,0.00205556,,#N/A,,,,,,
Bahamas,1995,0.960031,,#N/A,,,,,,
Bahrain,1995,0.346206,,#N/A,,,,,,
Barbados,1995,0.00775224,,#N/A,,,,,,
Belarus,1995,0.00292125,,#N/A,,,,,,
Belgium,1995,0.991663,,#N/A,,,,,,
Belize,1995,0.0453972,,#N/A,,,,,,
Bermuda,1995,6.83816,,#N/A,,,,,,
Bolivia (Plurinational State of),1995,0.0668076,,#N/A,,,,,,
Botswana,1995,0.064521,,#N/A,,,,,,
Brazil,1995,0.105138,,#N/A,,,,,,
Brunei Darussalam,1995,1.01708,,#N/A,,,,,,
Bulgaria,1995,0.119666,,#N/A,,,,,,
Burundi,1995,0,,#N/A,,,,,,
Canada,1995,4.16353,,#N/A,,,,,,
Cayman Islands,1995,3.94897,,#N/A,,,,,,
Chile,1995,0.346981,,#N/A,,,,,,
China,1995,0.00495471,,#N/A,,,,,,
"China, Macao Special Administrative Region",1995,0.280014,,#N/A,,,,,,
Colombia,1995,0.188047,,#N/A,,,,,,
Costa Rica,1995,0.416829,,#N/A,,,,,,
Côte d'Ivoire,1995,0.000200256,,#N/A,,,,,,
Croatia,1995,0.514029,,#N/A,,,,,,
Cyprus,1995,0.410121,,#N/A,,,,,,
Czech Republic,1995,1.45358,,#N/A,,,,,,
Djibouti,1995,0.0160308,,#N/A,,,,,,
Dominica,1995,0.548763,,#N/A,,,,,,
Dominican Republic,1995,0.0172336,,#N/A,,,,,,
Ecuador,1995,0.0438336,,#N/A,,,,,,
Eritrea,1995,0,,#N/A,,,,,,
Estonia,1995,2.77897,,#N/A,,,,,,
Eswatini,1995,0.00103175,,#N/A,,,,,,
Ethiopia,1995,1.75E-05,,#N/A,,,,,,
Falkland (Malvinas) Islands,1995,0,,#N/A,,,,,,
Faroe Islands,1995,0,,#N/A,,,,,,
Fiji,1995,0.00911534,,#N/A,,,,,,
Gambia,1995,0.00921754,,#N/A,,,,,,
Georgia,1995,0.0118369,,#N/A,,,,,,
Germany,1995,1.83774,,#N/A,,,,,,
Ghana,1995,0.000347918,,#N/A,,,,,,
Greece,1995,0.749616,,#N/A,,,,,,
Greenland,1995,0.0539403,,#N/A,,,,,,
Grenada,1995,0,,#N/A,,,,,,
Guam,1995,0.659531,,#N/A,,,,,,
Guatemala,1995,0.00299801,,#N/A,,,,,,
Guinea,1995,0.000668589,,#N/A,,,,,,
Honduras,1995,0.0367753,,#N/A,,,,,,
Hungary,1995,0.677486,,#N/A,,,,,,
Iceland,1995,11.2159,,#N/A,,,,,,
Indonesia,1995,0.0261095,,#N/A,,,,,,
Iran (Islamic Republic of),1995,0.00417975,,#N/A,,,,,,
Israel,1995,0.930423,,#N/A,,,,,,
Italy,1995,0.524413,,#N/A,,,,,,
Jamaica,1995,0.109488,,#N/A,,,,,,
Japan,1995,1.59436,,#N/A,,,,,,
Jordan,1995,0.0232339,,#N/A,,,,,,
Kazakhstan,1995,0.0113024,,#N/A,,,,,,
Kenya,1995,0.000727482,,#N/A,,,,,,
Korea (Republic  of),1995,0.819687,,#N/A,,,,,,
Kuwait,1995,0.202898,,#N/A,,,,,,
Lebanon,1995,0.071618,,#N/A,,,,,,
Luxembourg,1995,1.59094,,#N/A,,,,,,
Malta,1995,0.224996,,#N/A,,,,,,
Marshall Islands,1995,0,,#N/A,,,,,,
Mexico,1995,0.102564,,#N/A,,,,,,
Moldova,1995,0.00345722,,#N/A,,,,,,
Mongolia,1995,0.00881122,,#N/A,,,,,,
Morocco,1995,0.00371049,,#N/A,,,,,,
Namibia,1995,0.00617205,,#N/A,,,,,,
Nepal (Republic of),1995,0.000924878,,#N/A,,,,,,
Netherlands (Kingdom of the),1995,6.47316,,#N/A,,,,,,
New Caledonia,1995,0.00517901,,#N/A,,,,,,
Nicaragua,1995,0.0300465,,#N/A,,,,,,
North Macedonia,1995,0.0407438,,#N/A,,,,,,
Pakistan,1995,0.000122702,,#N/A,,,,,,
Panama,1995,0.056123,,#N/A,,,,,,
Philippines,1995,0.0285857,,#N/A,,,,,,
Poland,1995,0.647752,,#N/A,,,,,,
Portugal,1995,1.49433,,#N/A,,,,,,
Puerto Rico,1995,0.135103,,#N/A,,,,,,
Qatar,1995,0.19021,,#N/A,,,,,,
Romania,1995,0.0749528,,#N/A,,,,,,
Russian Federation,1995,0.148151,,#N/A,,,,,,
Saint Lucia,1995,0.305657,,#N/A,,,,,,
San Marino,1995,1.36213,,#N/A,,,,,,
Saudi Arabia,1995,0.0109561,,#N/A,,,,,,
Senegal,1995,0.000692848,,#N/A,,,,,,
Sierra Leone,1995,0,,#N/A,,,,,,
Slovakia,1995,0.52321,,#N/A,,,,,,
Slovenia,1995,2.89899,,#N/A,,,,,,
Solomon Islands,1995,0.0248719,,#N/A,,,,,,
Somalia,1995,0,,#N/A,,,,,,
South Africa,1995,0.67674,,#N/A,,,,,,
Sri Lanka,1995,0.00548444,,#N/A,,,,,,
Sudan,1995,0,,#N/A,,,,,,
Suriname,1995,0.114721,,#N/A,,,,,,
Sweden,1995,5.09802,,#N/A,,,,,,
Switzerland,1995,3.55201,,#N/A,,,,,,
Syrian Arab Republic,1995,0,,#N/A,,,,,,
Thailand,1995,0.0748253,,#N/A,,,,,,
Togo,1995,0,,#N/A,,,,,,
Tonga,1995,0.123231,,#N/A,,,,,,
Trinidad and Tobago,1995,0.15815,,#N/A,,,,,,
Tunisia,1995,0.011192,,#N/A,,,,,,
Uganda,1995,0.00286347,,#N/A,,,,,,
Ukraine,1995,0.043084,,#N/A,,,,,,
Uruguay,1995,0.310129,,#N/A,,,,,,
Uzbekistan,1995,0.00152709,,#N/A,,,,,,
Venezuela,1995,0.122215,,#N/A,,,,,,
Virgin Islands (US),1995,2.80196,,#N/A,,,,,,
Zambia,1995,0.00878362,,#N/A,,,,,,
Zimbabwe,1995,0.00768354,,#N/A,,,,,,
India,1994,0.00106956,138,Fiscal years beginning 1 April.,,,,,,
Finland,1994,4.9151,111,Has used at least one other Internet application besides e-mail in last 3 months. Population age 15+.,,,,,,
Australia,1994,2.2321,4,ITU estimate,,,,,,
"China, Hong Kong Special Administrative Region",1994,2.7842,4,ITU estimate,,,,,,
Denmark,1994,1.34431,4,ITU estimate,,,,,,
France,1994,0.899867,4,ITU estimate,,,,,,
Ireland,1994,0.558377,4,ITU estimate,,,,,,
Malaysia,1994,0.0996074,4,ITU estimate,,,,,,
New Zealand,1994,3.16872,4,ITU estimate,,,,,,
Norway,1994,4.15245,4,ITU estimate,,,,,,
Peru,1994,0.00850458,4,ITU estimate,,,,,,
Singapore,1994,1.1852,4,ITU estimate,,,,,,
United Kingdom,1994,1.03661,4,ITU estimate,,,,,,
United States,1994,4.86278,4,ITU estimate,,,,,,
Egypt,1994,0.00638327,75,June.,,,,,,
Maldives,1994,0,171,Not from official survey data. Country estimated based on the assumption that every connection (except leased lines) serves 4 users (average household size) and a leased line serves 10 users. Mobile internet users are not included.,,,,,,
Spain,1994,0.28007,261,November. Population age 14+.,,,,,,
Türkiye,1994,0.0498692,44,Population age 16-74.,,,,,,
Algeria,1994,0.000360674,,#N/A,,,,,,
Argentina,1994,0.043706,,#N/A,,,,,,
Armenia,1994,0.00911701,,#N/A,,,,,,
Austria,1994,1.39342,,#N/A,,,,,,
Azerbaijan,1994,0.00143142,,#N/A,,,,,,
Belarus,1994,0.000485951,,#N/A,,,,,,
Belgium,1994,0.695995,,#N/A,,,,,,
Brazil,1994,0.0376727,,#N/A,,,,,,
Bulgaria,1994,0.0195267,,#N/A,,,,,,
Burundi,1994,0,,#N/A,,,,,,
Canada,1994,2.37869,,#N/A,,,,,,
Cayman Islands,1994,0,,#N/A,,,,,,
Chile,1994,0.141085,,#N/A,,,,,,
China,1994,0.00116811,,#N/A,,,,,,
"China, Macao Special Administrative Region",1994,0.0369934,,#N/A,,,,,,
Colombia,1994,0.107174,,#N/A,,,,,,
Costa Rica,1994,0.279912,,#N/A,,,,,,
Croatia,1994,0.268319,,#N/A,,,,,,
Cyprus,1994,0.111035,,#N/A,,,,,,
Czech Republic,1994,1.25922,,#N/A,,,,,,
Ecuador,1994,0.0348336,,#N/A,,,,,,
Eritrea,1994,0,,#N/A,,,,,,
Estonia,1994,1.15975,,#N/A,,,,,,
Falkland (Malvinas) Islands,1994,0,,#N/A,,,,,,
Fiji,1994,0.0079074,,#N/A,,,,,,
Germany,1994,0.922541,,#N/A,,,,,,
Greece,1994,0.378174,,#N/A,,,,,,
Greenland,1994,0.0647121,,#N/A,,,,,,
Grenada,1994,0,,#N/A,,,,,,
Guam,1994,0.348454,,#N/A,,,,,,
Guinea,1994,0.000138318,,#N/A,,,,,,
Hungary,1994,0.483581,,#N/A,,,,,,
Iceland,1994,6.79481,,#N/A,,,,,,
Indonesia,1994,0.00105974,,#N/A,,,,,,
Iran (Islamic Republic of),1994,0.000408332,,#N/A,,,,,,
Israel,1994,0.576966,,#N/A,,,,,,
Italy,1994,0.192305,,#N/A,,,,,,
Jamaica,1994,0.0368171,,#N/A,,,,,,
Japan,1994,0.799684,,#N/A,,,,,,
Kazakhstan,1994,0.000521079,,#N/A,,,,,,
Korea (Republic  of),1994,0.311359,,#N/A,,,,,,
Kuwait,1994,0.147163,,#N/A,,,,,,
Luxembourg,1994,0.496486,,#N/A,,,,,,
Marshall Islands,1994,0,,#N/A,,,,,,
Mexico,1994,0.0433392,,#N/A,,,,,,
Moldova,1994,0.000825391,,#N/A,,,,,,
Nepal (Republic of),1994,0,,#N/A,,,,,,
Netherlands (Kingdom of the),1994,3.25731,,#N/A,,,,,,
Nicaragua,1994,0.0131662,,#N/A,,,,,,
Panama,1994,0.0076369,,#N/A,,,,,,
Philippines,1994,0.00584425,,#N/A,,,,,,
Poland,1994,0.389098,,#N/A,,,,,,
Portugal,1994,0.718906,,#N/A,,,,,,
Puerto Rico,1994,0.0272547,,#N/A,,,,,,
Romania,1994,0.0263002,,#N/A,,,,,,
Russian Federation,1994,0.0538175,,#N/A,,,,,,
Sierra Leone,1994,0,,#N/A,,,,,,
Slovakia,1994,0.31851,,#N/A,,,,,,
Slovenia,1994,1.07157,,#N/A,,,,,,
South Africa,1994,0.246906,,#N/A,,,,,,
Sri Lanka,1994,0.00276545,,#N/A,,,,,,
Sudan,1994,0,,#N/A,,,,,,
Sweden,1994,3.41281,,#N/A,,,,,,
Switzerland,1994,2.72,,#N/A,,,,,,
Syrian Arab Republic,1994,0,,#N/A,,,,,,
Thailand,1994,0.0386143,,#N/A,,,,,,
Togo,1994,0,,#N/A,,,,,,
Tunisia,1994,0.00737954,,#N/A,,,,,,
Ukraine,1994,0.0136412,,#N/A,,,,,,
Uruguay,1994,0.0624744,,#N/A,,,,,,
Venezuela,1994,0.055487,,#N/A,,,,,,
Virgin Islands (US),1994,0.940645,,#N/A,,,,,,
Zambia,1994,0.00677611,,#N/A,,,,,,
Zimbabwe,1994,0.00173928,,#N/A,,,,,,
Finland,1993,2.56846,111,Has used at least one other Internet application besides e-mail in last 3 months. Population age 15+.,,,,,,
Australia,1993,1.97461,4,ITU estimate,,,,,,
"China, Hong Kong Special Administrative Region",1993,1.33457,4,ITU estimate,,,,,,
Denmark,1993,0.57833,4,ITU estimate,,,,,,
France,1993,0.590619,4,ITU estimate,,,,,,
Ireland,1993,0.281141,4,ITU estimate,,,,,,
Malaysia,1993,0.0255385,4,ITU estimate,,,,,,
New Zealand,1993,0.631215,4,ITU estimate,,,,,,
Norway,1993,2.78399,4,ITU estimate,,,,,,
Singapore,1993,0.763278,4,ITU estimate,,,,,,
South Africa,1993,0.113747,4,ITU estimate,,,,,,
United Kingdom,1993,0.519762,4,ITU estimate,,,,,,
United States,1993,2.27167,4,ITU estimate,,,,,,
Egypt,1993,0.000975791,75,June.,,,,,,
Maldives,1993,0,171,Not from official survey data. Country estimated based on the assumption that every connection (except leased lines) serves 4 users (average household size) and a leased line serves 10 users. Mobile internet users are not included.,,,,,,
Spain,1993,0.12769,261,November. Population age 14+.,,,,,,
Türkiye,1993,0.00845773,44,Population age 16-74.,,,,,,
Argentina,1993,0.0295271,,#N/A,,,,,,
Austria,1993,0.765343,,#N/A,,,,,,
Belgium,1993,0.199446,,#N/A,,,,,,
Brazil,1993,0.0254983,,#N/A,,,,,,
Bulgaria,1993,0.00233904,,#N/A,,,,,,
Burundi,1993,0,,#N/A,,,,,,
Canada,1993,1.18456,,#N/A,,,,,,
Cayman Islands,1993,0,,#N/A,,,,,,
Chile,1993,0.0717831,,#N/A,,,,,,
China,1993,0.00016868,,#N/A,,,,,,
Costa Rica,1993,0.0815098,,#N/A,,,,,,
Croatia,1993,0.0972134,,#N/A,,,,,,
Cyprus,1993,0.0563675,,#N/A,,,,,,
Czech Republic,1993,0.58132,,#N/A,,,,,,
Ecuador,1993,0.0164008,,#N/A,,,,,,
Eritrea,1993,0,,#N/A,,,,,,
Estonia,1993,0.300711,,#N/A,,,,,,
Falkland (Malvinas) Islands,1993,0,,#N/A,,,,,,
Fiji,1993,0.00667845,,#N/A,,,,,,
Germany,1993,0.463635,,#N/A,,,,,,
Greece,1993,0.191062,,#N/A,,,,,,
Grenada,1993,0,,#N/A,,,,,,
Hungary,1993,0.193414,,#N/A,,,,,,
Iceland,1993,2.66783,,#N/A,,,,,,
India,1993,0.000218176,,#N/A,,,,,,
Israel,1993,0.398833,,#N/A,,,,,,
Italy,1993,0.122462,,#N/A,,,,,,
Japan,1993,0.401278,,#N/A,,,,,,
Korea (Republic  of),1993,0.249947,,#N/A,,,,,,
Kuwait,1993,0.0910822,,#N/A,,,,,,
Luxembourg,1993,0.302155,,#N/A,,,,,,
Marshall Islands,1993,0,,#N/A,,,,,,
Mexico,1993,0.028305,,#N/A,,,,,,
Nepal (Republic of),1993,0,,#N/A,,,,,,
Netherlands (Kingdom of the),1993,1.96709,,#N/A,,,,,,
Poland,1993,0.129962,,#N/A,,,,,,
Portugal,1993,0.450162,,#N/A,,,,,,
Romania,1993,0.00370321,,#N/A,,,,,,
Russian Federation,1993,0.0134472,,#N/A,,,,,,
Sierra Leone,1993,0,,#N/A,,,,,,
Slovakia,1993,0.127829,,#N/A,,,,,,
Slovenia,1993,0.409792,,#N/A,,,,,,
Sweden,1993,1.71636,,#N/A,,,,,,
Switzerland,1993,2.16727,,#N/A,,,,,,
Syrian Arab Republic,1993,0,,#N/A,,,,,,
Thailand,1993,0.013581,,#N/A,,,,,,
Togo,1993,0,,#N/A,,,,,,
Ukraine,1993,0.00077697,,#N/A,,,,,,
Venezuela,1993,0.0415872,,#N/A,,,,,,
Finland,1992,1.88688,111,Has used at least one other Internet application besides e-mail in last 3 months. Population age 15+.,,,,,,
Australia,1992,1.76876,4,ITU estimate,,,,,,
"China, Hong Kong Special Administrative Region",1992,0.849528,4,ITU estimate,,,,,,
Denmark,1992,0.386914,4,ITU estimate,,,,,,
France,1992,0.279049,4,ITU estimate,,,,,,
Ireland,1992,0.169686,4,ITU estimate,,,,,,
Malaysia,1992,0.00104782,4,ITU estimate,,,,,,
New Zealand,1992,0.285941,4,ITU estimate,,,,,,
Norway,1992,2.21637,4,ITU estimate,,,,,,
Singapore,1992,0.471368,4,ITU estimate,,,,,,
South Africa,1992,0.0388691,4,ITU estimate,,,,,,
United Kingdom,1992,0.260615,4,ITU estimate,,,,,,
United States,1992,1.7242,4,ITU estimate,,,,,,
Maldives,1992,0,171,Not from official survey data. Country estimated based on the assumption that every connection (except leased lines) serves 4 users (average household size) and a leased line serves 10 users. Mobile internet users are not included.,,,,,,
Spain,1992,0.0768455,261,November. Population age 14+.,,,,,,
Argentina,1992,0.00299287,,#N/A,,,,,,
Austria,1992,0.642818,,#N/A,,,,,,
Belgium,1992,0.100041,,#N/A,,,,,,
Brazil,1992,0.0129463,,#N/A,,,,,,
Burundi,1992,0,,#N/A,,,,,,
Canada,1992,0.915981,,#N/A,,,,,,
Chile,1992,0.0365489,,#N/A,,,,,,
Costa Rica,1992,0.00111333,,#N/A,,,,,,
Cyprus,1992,0.0500604,,#N/A,,,,,,
Ecuador,1992,0.00511804,,#N/A,,,,,,
Estonia,1992,0.0654848,,#N/A,,,,,,
Germany,1992,0.435285,,#N/A,,,,,,
Greece,1992,0.0482916,,#N/A,,,,,,
Grenada,1992,0,,#N/A,,,,,,
Hungary,1992,0.0483534,,#N/A,,,,,,
Iceland,1992,1.53916,,#N/A,,,,,,
India,1992,0.000111308,,#N/A,,,,,,
Israel,1992,0.310579,,#N/A,,,,,,
Italy,1992,0.0700534,,#N/A,,,,,,
Japan,1992,0.096678,,#N/A,,,,,,
Korea (Republic  of),1992,0.0984043,,#N/A,,,,,,
Luxembourg,1992,0.153199,,#N/A,,,,,,
Marshall Islands,1992,0,,#N/A,,,,,,
Mexico,1992,0.0173078,,#N/A,,,,,,
Nepal (Republic of),1992,0,,#N/A,,,,,,
Netherlands (Kingdom of the),1992,1.32001,,#N/A,,,,,,
Poland,1992,0.0521272,,#N/A,,,,,,
Portugal,1992,0.250427,,#N/A,,,,,,
Russian Federation,1992,0.000672532,,#N/A,,,,,,
Sweden,1992,1.49787,,#N/A,,,,,,
Switzerland,1992,1.75171,,#N/A,,,,,,
Syrian Arab Republic,1992,0,,#N/A,,,,,,
Thailand,1992,0.000343725,,#N/A,,,,,,
Togo,1992,0,,#N/A,,,,,,
Venezuela,1992,0.0120821,,#N/A,,,,,,
Finland,1991,1.39744,111,Has used at least one other Internet application besides e-mail in last 3 months. Population age 15+.,,,,,,
Australia,1991,1.0972,4,ITU estimate,,,,,,
"China, Hong Kong Special Administrative Region",1991,0.120955,4,ITU estimate,,,,,,
Denmark,1991,0.194057,4,ITU estimate,,,,,,
France,1991,0.140114,4,ITU estimate,,,,,,
Ireland,1991,0.056796,4,ITU estimate,,,,,,
Norway,1991,1.4074,4,ITU estimate,,,,,,
Singapore,1991,0.161504,4,ITU estimate,,,,,,
South Africa,1991,0.0132836,4,ITU estimate,,,,,,
United Kingdom,1991,0.174231,4,ITU estimate,,,,,,
United States,1991,1.16319,4,ITU estimate,,,,,,
Maldives,1991,0,171,Not from official survey data. Country estimated based on the assumption that every connection (except leased lines) serves 4 users (average household size) and a leased line serves 10 users. Mobile internet users are not included.,,,,,,
Spain,1991,0.0256862,261,November. Population age 14+.,,,,,,
Austria,1991,0.259082,,#N/A,,,,,,
Belgium,1991,0.0200726,,#N/A,,,,,,
Botswana,1991,0,,#N/A,,,,,,
Brazil,1991,0.00328817,,#N/A,,,,,,
Burundi,1991,0,,#N/A,,,,,,
Canada,1991,0.570386,,#N/A,,,,,,
Germany,1991,0.250274,,#N/A,,,,,,
Greece,1991,0.0487888,,#N/A,,,,,,
Grenada,1991,0,,#N/A,,,,,,
Hungary,1991,0.00338263,,#N/A,,,,,,
Iceland,1991,0.505129,,#N/A,,,,,,
Israel,1991,0.214624,,#N/A,,,,,,
Italy,1991,0.0350633,,#N/A,,,,,,
Japan,1991,0.040438,,#N/A,,,,,,
Korea (Republic  of),1991,0.0461244,,#N/A,,,,,,
Marshall Islands,1991,0,,#N/A,,,,,,
Mexico,1991,0.00588069,,#N/A,,,,,,
Nepal (Republic of),1991,0,,#N/A,,,,,,
Netherlands (Kingdom of the),1991,0.531496,,#N/A,,,,,,
Poland,1991,0.00522947,,#N/A,,,,,,
Portugal,1991,0.100231,,#N/A,,,,,,
Sweden,1991,1.16052,,#N/A,,,,,,
Switzerland,1991,1.17996,,#N/A,,,,,,
Syrian Arab Republic,1991,0,,#N/A,,,,,,
Thailand,1991,5.22E-05,,#N/A,,,,,,
Togo,1991,0,,#N/A,,,,,,
Democratic People's Republic of Korea,1990,0,88,Commercially not available. Local Intranet available in country.,,,,,,
Saint Vincent and the Grenadines,1990,0,245,"Estimation based on GPRS subscribers, fixed and mobile.",,,,,,
Finland,1990,0.401088,111,Has used at least one other Internet application besides e-mail in last 3 months. Population age 15+.,,,,,,
Australia,1990,0.585095,4,ITU estimate,,,,,,
"China, Hong Kong Special Administrative Region",1990,0,4,ITU estimate,,,,,,
Cook Islands,1990,0,4,ITU estimate,,,,,,
Denmark,1990,0.0972773,4,ITU estimate,,,,,,
France,1990,0.0527779,4,ITU estimate,,,,,,
Ireland,1990,0,4,ITU estimate,,,,,,
Malaysia,1990,0,4,ITU estimate,,,,,,
New Zealand,1990,0,4,ITU estimate,,,,,,
Norway,1990,0.707299,4,ITU estimate,,,,,,
Peru,1990,0,4,ITU estimate,,,,,,
Singapore,1990,0,4,ITU estimate,,,,,,
United Kingdom,1990,0.0873553,4,ITU estimate,,,,,,
United States,1990,0.784729,4,ITU estimate,,,,,,
Egypt,1990,0,75,June.,,,,,,
Maldives,1990,0,171,Not from official survey data. Country estimated based on the assumption that every connection (except leased lines) serves 4 users (average household size) and a leased line serves 10 users. Mobile internet users are not included.,,,,,,
Spain,1990,0.0128736,261,November. Population age 14+.,,,,,,
Türkiye,1990,0,44,Population age 16-74.,,,,,,
Cuba,1990,0,85,This includes person who only used international email.,,,,,,
Afghanistan,1990,0,,#N/A,,,,,,
Albania,1990,0,,#N/A,,,,,,
Algeria,1990,0,,#N/A,,,,,,
American Samoa,1990,0,,#N/A,,,,,,
Andorra,1990,0,,#N/A,,,,,,
Angola,1990,0,,#N/A,,,,,,
Anguilla,1990,0,,#N/A,,,,,,
Antigua and Barbuda,1990,0,,#N/A,,,,,,
Argentina,1990,0,,#N/A,,,,,,
Armenia,1990,0,,#N/A,,,,,,
Aruba,1990,0,,#N/A,,,,,,
Ascension,1990,0,,#N/A,,,,,,
Austria,1990,0.130369,,#N/A,,,,,,
Azerbaijan,1990,0,,#N/A,,,,,,
Bahamas,1990,0,,#N/A,,,,,,
Bahrain,1990,0,,#N/A,,,,,,
Bangladesh,1990,0,,#N/A,,,,,,
Barbados,1990,0,,#N/A,,,,,,
Belarus,1990,0,,#N/A,,,,,,
Belgium,1990,0.00100674,,#N/A,,,,,,
Belize,1990,0,,#N/A,,,,,,
Benin,1990,0,,#N/A,,,,,,
Bermuda,1990,0,,#N/A,,,,,,
Bhutan,1990,0,,#N/A,,,,,,
Bolivia (Plurinational State of),1990,0,,#N/A,,,,,,
Bosnia and Herzegovina,1990,0,,#N/A,,,,,,
Botswana,1990,0,,#N/A,,,,,,
Brazil,1990,0,,#N/A,,,,,,
British Virgin Islands,1990,0,,#N/A,,,,,,
Brunei Darussalam,1990,0,,#N/A,,,,,,
Bulgaria,1990,0,,#N/A,,,,,,
Burkina Faso,1990,0,,#N/A,,,,,,
Burundi,1990,0,,#N/A,,,,,,
Cabo Verde,1990,0,,#N/A,,,,,,
Cambodia,1990,0,,#N/A,,,,,,
Cameroon,1990,0,,#N/A,,,,,,
Canada,1990,0.361,,#N/A,,,,,,
Cayman Islands,1990,0,,#N/A,,,,,,
Central African Republic,1990,0,,#N/A,,,,,,
Chad,1990,0,,#N/A,,,,,,
Chile,1990,0,,#N/A,,,,,,
China,1990,0,,#N/A,,,,,,
"China, Macao Special Administrative Region",1990,0,,#N/A,,,,,,
Colombia,1990,0,,#N/A,,,,,,
Comoros,1990,0,,#N/A,,,,,,
Congo (Republic of the),1990,0,,#N/A,,,,,,
Costa Rica,1990,0,,#N/A,,,,,,
Côte d'Ivoire,1990,0,,#N/A,,,,,,
Croatia,1990,0,,#N/A,,,,,,
Cyprus,1990,0,,#N/A,,,,,,
Czech Republic,1990,0,,#N/A,,,,,,
Democratic Republic of the Congo,1990,0,,#N/A,,,,,,
Djibouti,1990,0,,#N/A,,,,,,
Dominica,1990,0,,#N/A,,,,,,
Dominican Republic,1990,0,,#N/A,,,,,,
Ecuador,1990,0,,#N/A,,,,,,
El Salvador,1990,0,,#N/A,,,,,,
Equatorial Guinea,1990,0,,#N/A,,,,,,
Eritrea,1990,0,,#N/A,,,,,,
Estonia,1990,0,,#N/A,,,,,,
Eswatini,1990,0,,#N/A,,,,,,
Ethiopia,1990,0,,#N/A,,,,,,
Falkland (Malvinas) Islands,1990,0,,#N/A,,,,,,
Faroe Islands,1990,0,,#N/A,,,,,,
Fiji,1990,0,,#N/A,,,,,,
French Guiana,1990,0,,#N/A,,,,,,
French Polynesia,1990,0,,#N/A,,,,,,
Gabon,1990,0,,#N/A,,,,,,
Gambia,1990,0,,#N/A,,,,,,
Georgia,1990,0,,#N/A,,,,,,
Germany,1990,0.125892,,#N/A,,,,,,
Ghana,1990,0,,#N/A,,,,,,
Gibraltar,1990,0,,#N/A,,,,,,
Greece,1990,0,,#N/A,,,,,,
Greenland,1990,0,,#N/A,,,,,,
Grenada,1990,0,,#N/A,,,,,,
Guadeloupe,1990,0,,#N/A,,,,,,
Guam,1990,0,,#N/A,,,,,,
Guatemala,1990,0,,#N/A,,,,,,
Guernsey,1990,0,,#N/A,,,,,,
Guinea,1990,0,,#N/A,,,,,,
Guinea-Bissau,1990,0,,#N/A,,,,,,
Guyana,1990,0,,#N/A,,,,,,
Haiti,1990,0,,#N/A,,,,,,
Honduras,1990,0,,#N/A,,,,,,
Hungary,1990,0,,#N/A,,,,,,
Iceland,1990,0,,#N/A,,,,,,
India,1990,0,,#N/A,,,,,,
Indonesia,1990,0,,#N/A,,,,,,
Iran (Islamic Republic of),1990,0,,#N/A,,,,,,
Iraq,1990,0,,#N/A,,,,,,
Israel,1990,0.110774,,#N/A,,,,,,
Italy,1990,0.0175446,,#N/A,,,,,,
Jamaica,1990,0,,#N/A,,,,,,
Japan,1990,0.0202937,,#N/A,,,,,,
Jersey,1990,0,,#N/A,,,,,,
Jordan,1990,0,,#N/A,,,,,,
Kazakhstan,1990,0,,#N/A,,,,,,
Kenya,1990,0,,#N/A,,,,,,
Kiribati,1990,0,,#N/A,,,,,,
Korea (Republic  of),1990,0.0232651,,#N/A,,,,,,
Kuwait,1990,0,,#N/A,,,,,,
Kyrgyzstan,1990,0,,#N/A,,,,,,
Lao People's Democratic Republic,1990,0,,#N/A,,,,,,
Latvia,1990,0,,#N/A,,,,,,
Lebanon,1990,0,,#N/A,,,,,,
Lesotho,1990,0,,#N/A,,,,,,
Liberia,1990,0,,#N/A,,,,,,
Libya,1990,0,,#N/A,,,,,,
Liechtenstein,1990,0,,#N/A,,,,,,
Lithuania,1990,0,,#N/A,,,,,,
Luxembourg,1990,0,,#N/A,,,,,,
Madagascar,1990,0,,#N/A,,,,,,
Malawi,1990,0,,#N/A,,,,,,
Mali,1990,0,,#N/A,,,,,,
Malta,1990,0,,#N/A,,,,,,
Marshall Islands,1990,0,,#N/A,,,,,,
Martinique,1990,0,,#N/A,,,,,,
Mauritania,1990,0,,#N/A,,,,,,
Mauritius,1990,0,,#N/A,,,,,,
Mayotte,1990,0,,#N/A,,,,,,
Mexico,1990,0,,#N/A,,,,,,
Micronesia,1990,0,,#N/A,,,,,,
Moldova,1990,0,,#N/A,,,,,,
Monaco,1990,0,,#N/A,,,,,,
Mongolia,1990,0,,#N/A,,,,,,
Montserrat,1990,0,,#N/A,,,,,,
Morocco,1990,0,,#N/A,,,,,,
Mozambique,1990,0,,#N/A,,,,,,
Myanmar,1990,0,,#N/A,,,,,,
Namibia,1990,0,,#N/A,,,,,,
Nauru,1990,0,,#N/A,,,,,,
Nepal (Republic of),1990,0,,#N/A,,,,,,
Netherland Antilles,1990,0,,#N/A,,,,,,
Netherlands (Kingdom of the),1990,0.334387,,#N/A,,,,,,
New Caledonia,1990,0,,#N/A,,,,,,
Nicaragua,1990,0,,#N/A,,,,,,
Niger,1990,0,,#N/A,,,,,,
Nigeria,1990,0,,#N/A,,,,,,
Niue,1990,0,,#N/A,,,,,,
North Macedonia,1990,0,,#N/A,,,,,,
Northern Marianas,1990,0,,#N/A,,,,,,
Oman,1990,0,,#N/A,,,,,,
Pakistan,1990,0,,#N/A,,,,,,
Palau,1990,0,,#N/A,,,,,,
Panama,1990,0,,#N/A,,,,,,
Papua New Guinea,1990,0,,#N/A,,,,,,
Paraguay,1990,0,,#N/A,,,,,,
Philippines,1990,0,,#N/A,,,,,,
Poland,1990,0,,#N/A,,,,,,
Portugal,1990,0,,#N/A,,,,,,
Puerto Rico,1990,0,,#N/A,,,,,,
Qatar,1990,0,,#N/A,,,,,,
Réunion,1990,0,,#N/A,,,,,,
Romania,1990,0,,#N/A,,,,,,
Russian Federation,1990,0,,#N/A,,,,,,
Rwanda,1990,0,,#N/A,,,,,,
Saint Kitts and Nevis,1990,0,,#N/A,,,,,,
Saint Lucia,1990,0,,#N/A,,,,,,
Samoa,1990,0,,#N/A,,,,,,
San Marino,1990,0,,#N/A,,,,,,
Sao Tome and Principe,1990,0,,#N/A,,,,,,
Saudi Arabia,1990,0,,#N/A,,,,,,
Senegal,1990,0,,#N/A,,,,,,
Seychelles,1990,0,,#N/A,,,,,,
Sierra Leone,1990,0,,#N/A,,,,,,
Slovakia,1990,0,,#N/A,,,,,,
Slovenia,1990,0,,#N/A,,,,,,
Solomon Islands,1990,0,,#N/A,,,,,,
Somalia,1990,0,,#N/A,,,,,,
South Africa,1990,0,,#N/A,,,,,,
Sri Lanka,1990,0,,#N/A,,,,,,
St. Helena,1990,0,,#N/A,,,,,,
St. Pierre & Miquelon,1990,0,,#N/A,,,,,,
State of Palestine,1990,0,,#N/A,,,,,,
Sudan,1990,0,,#N/A,,,,,,
Suriname,1990,0,,#N/A,,,,,,
Sweden,1990,0.584192,,#N/A,,,,,,
Switzerland,1990,0.595714,,#N/A,,,,,,
Syrian Arab Republic,1990,0,,#N/A,,,,,,
Tajikistan,1990,0,,#N/A,,,,,,
Tanzania,1990,0,,#N/A,,,,,,
Thailand,1990,0,,#N/A,,,,,,
Timor-Leste,1990,0,,#N/A,,,,,,
Togo,1990,0,,#N/A,,,,,,
Tokelau,1990,0,,#N/A,,,,,,
Tonga,1990,0,,#N/A,,,,,,
Trinidad and Tobago,1990,0,,#N/A,,,,,,
Tunisia,1990,0,,#N/A,,,,,,
Turkmenistan,1990,0,,#N/A,,,,,,
Turks and Caicos Islands,1990,0,,#N/A,,,,,,
Tuvalu,1990,0,,#N/A,,,,,,
Uganda,1990,0,,#N/A,,,,,,
Ukraine,1990,0,,#N/A,,,,,,
United Arab Emirates,1990,0,,#N/A,,,,,,
Uruguay,1990,0,,#N/A,,,,,,
Uzbekistan,1990,0,,#N/A,,,,,,
Vanuatu,1990,0,,#N/A,,,,,,
Venezuela,1990,0,,#N/A,,,,,,
Viet Nam,1990,0,,#N/A,,,,,,
Virgin Islands (US),1990,0,,#N/A,,,,,,
Wallis and Futuna,1990,0,,#N/A,,,,,,
Yemen,1990,0,,#N/A,,,,,,
Zambia,1990,0,,#N/A,,,,,,
Zimbabwe,1990,0,,#N/A,,,,,,
,,,,,,,,,,
,,,,,,,,,,
,,,,,,,,,,
,,,,,,,,,,
,,,,,,,,,,
,,,,,,,,,,
,,,,,,,,,,
,,,,,,,,,,
,,,,,,,,,,
,,,,,,,,,,
,,,,,,,,,,
,,,,,,,,,,
,,,,,,,,,,
,,,,,,,,,,
,,,,,,,,,,
,,,,,,,,,,
,,,,,,,,,,
,,,,,,,,,,
,,,,,,,,,,
,,,,,,,,,,
,,,,,,,,,,
,,,,,,,,,,
,,,,,,,,,,
,,,,,,,,,,
,,,,,,,,,,
,,,,,,,,,,
,,,,,,,,,,
,,,,,,,,,,
,,,,,,,,,,
,,,,,,,,,,
,,,,,,,,,,
,,,,,,,,,,
,,,,,,,,,,
,,,,,,,,,,
,,,,,,,,,,
,,,,,,,,,,
,,,,,,,,,,
,,,,,,,,,,
,,,,,,,,,,
,,,,,,,,,,
,,,,,,,,,,
,,,,,,,,,,
,,,,,,,,,,
,,,,,,,,,,
,,,,,,,,,,
,,,,,,,,,,
,,,,,,,,,,
,,,,,,,,,,
,,,,,,,,,,
,,,,,,,,,,
,,,,,,,,,,
,,,,,,,,,,
,,,,,,,,,,
,,,,,,,,,,
,,,,,,,,,,
,,,,,,,,,,
,,,,,,,,,,
,,,,,,,,,,
,,,,,,,,,,
,,,,,,,,,,
,,,,,,,,,,
,,,,,,,,,,
,,,,,,,,,,
,,,,,,,,,,
,,,,,,,,,,
,,,,,,,,,,
,,,,,,,,,,
,,,,,,,,,,
,,,,,,,,,,
,,,,,,,,,,
,,,,,,,,,,
,,,,,,,,,,
,,,,,,,,,,
,,,,,,,,,,
,,,,,,,,,,
,,,,,,,,,,
,,,,,,,,,,
,,,,,,,,,,
,,,,,,,,,,
,,,,,,,,,,
,,,,,,,,,,
,,,,,,,,,,
,,,,,,,,,,
,,,,,,,,,,
,,,,,,,,,,
,,,,,,,,,,
,,,,,,,,,,
,,,,,,,,,,
,,,,,,,,,,
,,,,,,,,,,
,,,,,,,,,,
,,,,,,,,,,
,,,,,,,,,,
,,,,,,,,,,
,,,,,,,,,,
,,,,,,,,,,
,,,,,,,,,,
,,,,,,,,,,
,,,,,,,,,,
,,,,,,,,,,
,,,,,,,,,,
,,,,,,,,,,
,,,,,,,,,,
,,,,,,,,,,
,,,,,,,,,,
,,,,,,,,,,
,,,,,,,,,,
,,,,,,,,,,
,,,,,,,,,,
,,,,,,,,,,
,,,,,,,,,,
,,,,,,,,,,
,,,,,,,,,,
,,,,,,,,,,
,,,,,,,,,,
,,,,,,,,,,
,,,,,,,,,,
,,,,,,,,,,
,,,,,,,,,,
,,,,,,,,,,
,,,,,,,,,,
,,,,,,,,,,
,,,,,,,,,,
,,,,,,,,,,
,,,,,,,,,,
,,,,,,,,,,
,,,,,,,,,,
,,,,,,,,,,
,,,,,,,,,,
,,,,,,,,,,
,,,,,,,,,,
,,,,,,,,,,
,,,,,,,,,,
,,,,,,,,,,
,,,,,,,,,,
,,,,,,,,,,
,,,,,,,,,,
,,,,,,,,,,
,,,,,,,,,,
,,,,,,,,,,
,,,,,,,,,,
,,,,,,,,,,
,,,,,,,,,,
,,,,,,,,,,
,,,,,,,,,,
,,,,,,,,,,
,,,,,,,,,,
,,,,,,,,,,
,,,,,,,,,,
,,,,,,,,,,
,,,,,,,,,,
,,,,,,,,,,
,,,,,,,,,,
,,,,,,,,,,
,,,,,,,,,,
,,,,,,,,,,
,,,,,,,,,,
,,,,,,,,,,
,,,,,,,,,,
,,,,,,,,,,
,,,,,,,,,,
,,,,,,,,,,
,,,,,,,,,,
,,,,,,,,,,
,,,,,,,,,,
,,,,,,,,,,
,,,,,,,,,,
,,,,,,,,,,
,,,,,,,,,,
,,,,,,,,,,
,,,,,,,,,,
,,,,,,,,,,
,,,,,,,,,,
,,,,,,,,,,
,,,,,,,,,,
,,,,,,,,,,
,,,,,,,,,,
,,,,,,,,,,
,,,,,,,,,,
,,,,,,,,,,
,,,,,,,,,,
,,,,,,,,,,
,,,,,,,,,,
,,,,,,,,,,
,,,,,,,,,,
,,,,,,,,,,
,,,,,,,,,,
,,,,,,,,,,
,,,,,,,,,,
,,,,,,,,,,
,,,,,,,,,,
,,,,,,,,,,
,,,,,,,,,,
,,,,,,,,,,
,,,,,,,,,,
,,,,,,,,,,
,,,,,,,,,,
,,,,,,,,,,
,,,,,,,,,,
,,,,,,,,,,
,,,,,,,,,,
,,,,,,,,,,
,,,,,,,,,,
,,,,,,,,,,
,,,,,,,,,,
,,,,,,,,,,
,,,,,,,,,,
,,,,,,,,,,
,,,,,,,,,,
,,,,,,,,,,
,,,,,,,,,,
,,,,,,,,,,
,,,,,,,,,,
,,,,,,,,,,
,,,,,,,,,,
,,,,,,,,,,
,,,,,,,,,,
,,,,,,,,,,
,,,,,,,,,,
,,,,,,,,,,
,,,,,,,,,,
,,,,,,,,,,
,,,,,,,,,,
,,,,,,,,,,
,,,,,,,,,,
,,,,,,,,,,
,,,,,,,,,,
,,,,,,,,,,
,,,,,,,,,,
,,,,,,,,,,
,,,,,,,,,,
,,,,,,,,,,
,,,,,,,,,,
,,,,,,,,,,
,,,,,,,,,,
,,,,,,,,,,
,,,,,,,,,,
,,,,,,,,,,
,,,,,,,,,,
,,,,,,,,,,
,,,,,,,,,,
,,,,,,,,,,
,,,,,,,,,,
,,,,,,,,,,
,,,,,,,,,,
,,,,,,,,,,
,,,,,,,,,,
,,,,,,,,,,
,,,,,,,,,,
,,,,,,,,,,
,,,,,,,,,,
,,,,,,,,,,
,,,,,,,,,,
,,,,,,,,,,
,,,,,,,,,,
,,,,,,,,,,
,,,,,,,,,,
,,,,,,,,,,
,,,,,,,,,,
,,,,,,,,,,
,,,,,,,,,,
,,,,,,,,,,
,,,,,,,,,,
,,,,,,,,,,
,,,,,,,,,,
,,,,,,,,,,
,,,,,,,,,,
,,,,,,,,,,
,,,,,,,,,,
,,,,,,,,,,
,,,,,,,,,,
,,,,,,,,,,
,,,,,,,,,,
,,,,,,,,,,
,,,,,,,,,,
,,,,,,,,,,
,,,,,,,,,,
,,,,,,,,,,
,,,,,,,,,,
,,,,,,,,,,
,,,,,,,,,,
,,,,,,,,,,
,,,,,,,,,,
,,,,,,,,,,
,,,,,,,,,,
,,,,,,,,,,
,,,,,,,,,,
,,,,,,,,,,
,,,,,,,,,,
,,,,,,,,,,
,,,,,,,,,,
,,,,,,,,,,
,,,,,,,,,,
,, Broadband and cell phone statistics,” January 5,2010," http://www.pewinternet.org/~/media//Files/Reports/2010/PIP_December09_update.pdf.""",,,,,
